Date,BLH_passed,AMS_passed,Att.flow_cfs,Turbine.flow_cfs,Water.temp_max,Water.temp_min,Water.temp_mean,Discharge_max,Discharge_min,Discharge_mean,DO_max,DO_min,DO_mean
2/1/2007,9,0,7.49,20760,8.4,7.7,7.8,24200,16700,20600,11.2,10.9,11
2/2/2007,0,0,141.81,17134,NA,NA,NA,24400,5180,17300,NA,NA,NA
2/3/2007,0,0,0,16002,8.6,7.8,8.1,23700,6550,16000,11.4,10.9,11.1
2/4/2007,0,0,0,16457,8.2,7.6,7.8,22800,6030,14600,11.6,11,11.3
2/5/2007,4,0,14.38,16457,8.1,7.5,7.7,24700,2570,14800,11.6,11,11.3
2/6/2007,0,0,0,14589,7.9,7,7.4,23300,-169,14600,11.6,11.2,11.4
2/7/2007,0,0,6.07,9874,8.6,7.1,7.6,23200,2930,10500,11.7,11.2,11.4
2/8/2007,0,0,0,6583,8.6,8.2,8.5,21900,5590,7040,11.7,11.2,11.4
2/9/2007,0,0,0,5870,8.8,8.4,8.6,6960,-461,5870,11.6,11.2,11.4
2/10/2007,0,0,16.13,4114,9.3,8.3,8.6,18400,-1390,4780,11.4,10.8,11.2
2/11/2007,0,0,0,4114,9.7,8.2,8.7,20300,-2590,4970,11.9,10.6,11.4
2/12/2007,0,0,0,4996,9.2,8.3,8.8,14000,-964,5480,11.6,10.9,11.3
2/13/2007,0,0,4.68,4114,10.2,9,9.6,11300,-310,4690,11.5,10.5,11.3
2/14/2007,0,5,13.01,4245,10.7,10.2,10.4,6400,81,4540,11.3,10.8,11.1
2/15/2007,0,0,0,4216,10.5,9.2,10.1,6320,-14,4500,10.9,10.6,10.8
2/16/2007,0,0,0,5614,NA,NA,NA,21200,-1430,5590,NA,NA,NA
2/17/2007,0,1,0.88,5483,NA,NA,NA,21100,-1000,5680,NA,NA,NA
2/18/2007,0,0,0,5452,9.4,8.4,8.8,20700,-1210,5790,11.5,11,11.2
2/19/2007,0,0,0,5970,8.6,8.1,8.4,20700,341,6610,11.4,11,11.2
2/20/2007,0,40,33.44,5735,9.1,8.1,8.7,7480,5360,6140,NA,NA,NA
2/21/2007,0,38,73.42,5704,9.8,8.8,9.5,6930,5650,6170,11.3,10.8,11.1
2/22/2007,0,2,85.58,6351,10.8,9.7,10.2,20100,4880,6720,10.9,10.6,10.8
2/23/2007,5,94,100.58,6534,11.6,10.6,11.2,18500,5170,6830,11,10.7,10.8
2/24/2007,14,361,100.53,5808,11.2,10.4,10.9,16000,4840,6290,11.1,10.7,10.9
2/25/2007,0,0,0,5486,11.2,10.4,10.9,6620,5600,6160,11,10.8,10.9
2/26/2007,1,104,96.34,5741,12.3,11.1,11.9,7210,5050,6150,10.8,10.4,10.6
2/27/2007,0,0,0,6140,12.8,11.9,12.5,19000,5150,6450,10.6,10.3,10.5
2/28/2007,363,633,147.99,5754,13.6,12.4,13.1,6880,5400,6190,10.8,10.4,10.6
3/1/2007,76,1471,188.51,5750,13.7,13,13.5,6990,4300,6270,10.8,10.5,10.7
3/2/2007,1065,492,94.34,14430,15,13.4,14.2,23500,319,15200,10.5,9.7,10.3
3/3/2007,271,91,142.2,22664,13.8,12.9,13.2,24500,21300,22700,10.7,10.1,10.4
3/4/2007,5,130,230.84,22737,NA,NA,NA,25200,19700,22900,NA,NA,NA
3/5/2007,7,705,249.29,23040,13,11.7,12.3,25000,21400,23200,10.9,10.3,10.6
3/6/2007,21,12,228.41,23040,13.2,11.6,12.3,24700,20100,23000,11,10.6,10.7
3/7/2007,0,74,243.76,23040,13.7,12.1,12.8,25500,21600,23400,11.2,10.6,10.8
3/8/2007,3,442,243.93,23040,13.6,12.6,13.1,25700,19000,23400,11.2,10.6,10.9
3/9/2007,0,0,242.35,22887,13.3,12.5,12.9,25000,19400,23000,11.3,10.7,11
3/10/2007,131,7978,254.46,22974,14.1,12.6,13.2,24800,20700,23000,11.5,10.7,11
3/11/2007,5534,13452,278.49,22282,14.7,13.4,13.9,25300,21000,23100,11.8,10.9,11.3
3/12/2007,8,2029,260.88,23038,15.2,13.9,14.5,25700,21200,23200,11.8,11.1,11.5
3/13/2007,107,3380,248.11,22729,16.4,14.7,15.3,24900,21400,23100,12.1,11.3,11.7
3/14/2007,203,577,233.73,22906,16.4,15.4,15.9,24100,21200,22700,12.2,11.3,11.7
3/15/2007,101,3308,246.42,22652,17.1,15.8,16.3,24600,21600,22900,12.1,11.4,11.6
3/16/2007,187,1658,244.59,22565,16.9,16.4,16.6,24100,20200,22600,11.5,10.6,11
3/17/2007,468,7080,241.32,22570,16.4,14.9,15.4,24200,20500,22100,10.6,9.9,10.4
3/18/2007,71,5904,240.01,22902,14.9,13.7,14.2,24500,20200,22500,10.7,9.9,10.4
3/19/2007,2,2006,256.37,21644,14.9,13.5,14.1,24600,3970,20900,10.7,10.1,10.3
3/20/2007,507,5203,256.46,13474,15.9,14.1,14.7,24200,3820,13000,10.8,10.1,10.4
3/21/2007,8676,6293,256.61,11520,16.2,15.5,15.8,23200,5250,12500,11.1,10.3,10.6
3/22/2007,14447,6554,255.37,9930,16.9,15.7,16,22700,2800,9890,11.1,10.6,10.8
3/23/2007,1489,44,109.7,8470,18.4,16.8,17.3,21300,3920,8870,11.4,10.8,11
3/24/2007,0,0,0,8438,18.6,17.9,18.4,21200,5160,8520,11.3,10.6,10.9
3/25/2007,0,0,0,8222,20.2,18.6,19.6,21600,3280,8050,11,10.2,10.7
3/26/2007,0,0,0,6190,20.2,19,19.7,7390,5290,6420,10.5,9.8,10.1
3/27/2007,0,0,0,4526,19.6,19,19.2,7450,4520,6080,10,9.7,9.8
3/28/2007,0,0,0,4754,20.5,19.3,20,7060,-304,4500,9.9,8.8,9.6
3/29/2007,0,0,0,2790,20.2,19.7,20,6020,-278,2940,9.4,8,8.8
3/30/2007,43,269,30.44,2682,20.1,19.3,19.6,5960,-471,2720,NA,NA,NA
3/31/2007,463,86353,89.15,2728,19.3,18.8,19,6130,-325,2940,9,7.4,8.5
4/1/2007,4675,68109,90.13,2780,19.8,18.6,19.2,5980,25,2970,NA,NA,NA
4/2/2007,6314,29451,77.65,2787,20.9,19.5,20.2,6640,-215,2950,9.3,7.2,8.7
4/3/2007,103,20462,66.94,2733,21.9,20.5,21.3,6000,20,2850,9,7.3,8.6
4/4/2007,165,9315,89.71,2743,22.2,21.4,21.7,5900,-515,3250,8.9,7.6,8.4
4/5/2007,3,4236,88.88,2775,22.1,21.1,21.5,6000,-96,2940,8.7,7.5,8.2
4/6/2007,405,1221,88.74,2734,21.4,19.7,20.5,6140,128,2860,8.8,6.8,8.4
4/7/2007,7,721,86.24,2704,19.7,17.9,18.6,5940,66,2910,9.2,7.7,8.6
4/8/2007,2,172,81.04,2757,17.9,16.3,17,6090,-223,2940,9.3,7.7,8.9
4/9/2007,30,341,81.53,2662,16.3,15.3,15.6,5990,-381,2800,9.6,8.5,9.2
4/10/2007,9,603,74.74,2818,15.3,14.9,15.1,6610,-12,3020,9.6,8.9,9.3
4/11/2007,24,1000,75.7,2908,15.7,14.9,15.3,17400,-97,3070,9.7,9,9.5
4/12/2007,380,1381,62.25,2741,16.8,15.7,16.3,6350,-53,2950,9.8,9.1,9.5
4/13/2007,169,872,86.21,2755,18.2,16.2,17.2,6270,-217,2920,9.7,8.6,9.4
4/14/2007,1317,6717,88.91,3811,18.8,17.5,18.2,19600,-211,4060,9.6,8.7,9.3
4/15/2007,609,14479,89.56,2796,20,18.5,19.1,6210,-752,2960,9.2,8.7,9
4/16/2007,5,73,87.71,3139,19.4,18,18.6,16000,-257,3350,8.8,8,8.6
4/17/2007,0,113,87.66,2743,18.1,16.9,17.3,6490,-108,3160,9.3,8,8.8
4/18/2007,13,296,77.19,2741,17,16.5,16.8,6040,-13,2900,9.3,8.2,9
4/19/2007,5,1022,98.94,2743,18,16.6,17.3,6170,-13,2930,9.2,8,8.9
4/20/2007,1,1059,98.52,2801,18.1,17.4,17.8,5970,-509,2930,9.6,8.1,9.2
4/21/2007,153,1862,99.81,2668,18.4,17.5,18,6040,192,2840,9.7,8.8,9.4
4/22/2007,536,5110,81.25,2755,19.3,17.7,18.6,6480,45,3060,9.6,8.6,9.4
4/23/2007,18,279,98.41,3048,20.8,18.7,19.9,18900,97,3250,9.5,8.4,9.2
4/24/2007,17,758,98.25,2896,21.7,20,20.8,6020,147,3130,9.1,8.5,8.8
4/25/2007,102,701,98.28,2743,22.3,21.2,21.8,6240,-258,3050,8.7,7.6,8.4
4/26/2007,0,902,78.12,2743,23.1,21.8,22.5,17500,171,3890,8.5,7.5,8.2
4/27/2007,0,790,53.46,2726,23.8,22.6,23.2,5760,110,2880,8.5,7.4,8.1
2/1/2008,0,0,8.59,3,11,10.2,10.5,262,-5,93,12.3,11.1,11.4
2/2/2008,0,0,0,0,11.6,10,10.7,198,-52,83,13.2,10.9,11.6
2/3/2008,0,0,0,0,11.7,10.4,11,230,11,112,15.4,9.8,11.7
2/4/2008,0,0,0,0,11.9,11.3,11.5,167,-36,74,14.8,9.3,11.2
2/5/2008,0,0,0,0,14.5,11.3,12.6,182,-129,62,14.3,9.9,11.6
2/6/2008,4,82,1.71,3,16.4,12.4,14.2,1350,-36,114,12.1,9.2,10.8
2/7/2008,0,195,14.47,2,16.4,14.2,15,276,-52,102,11.5,10.2,10.8
2/8/2008,0,201,15.15,3,14.5,13.6,14.1,306,11,112,11.4,10,10.6
2/9/2008,0,0,0,0,14.6,13.4,14.1,196,-51,83,11.6,9.6,10.5
2/10/2008,0,0,0,0,14.2,13.5,13.8,240,-140,98,11.1,10.2,10.7
2/11/2008,0,0,0,0,13.8,13.1,13.4,182,11,96,11.3,10,10.7
2/12/2008,0,53,15.05,4,14,13,13.4,283,42,155,10.6,10.1,10.4
2/13/2008,14,185,25.2,3,14.8,13.8,14.3,216,-52,104,10.5,9.7,10.1
2/14/2008,1,13,17.14,3,14.2,12.9,13.6,275,11,123,10.6,9.9,10.2
2/15/2008,0,0,0,0,14.1,12.9,13.5,180,11,95,11.1,10,10.5
2/16/2008,0,0,0,0,14.3,13.4,13.7,136,-82,56,11.7,10.1,10.7
2/17/2008,0,0,0,0,14.5,13.5,13.9,290,-67,111,11.6,10.3,10.7
2/18/2008,0,0,0,0,15.7,14.5,15.1,248,-100,97,11.4,9.9,10.3
2/19/2008,0,0,0,0,14.9,14.1,14.5,322,-5,118,10.9,10,10.4
2/20/2008,0,646,15.2,2,14.4,13.6,14,184,-131,75,11,10.1,10.6
2/21/2008,0,0,0,0,14.1,13.4,13.9,169,-69,47,10.9,10.2,10.7
2/22/2008,0,169,10.67,3,13.4,12.9,13.1,218,-5,122,10.9,10.3,10.6
2/23/2008,0,0,0,0,13.8,12.9,13.3,171,-21,91,10.9,10,10.4
2/24/2008,0,0,0,0,13.5,13.2,13.4,154,-21,61,10.8,9.8,10.4
2/25/2008,2,205,8.63,4,13.8,12.9,13.3,251,43,124,12.3,10.1,10.6
2/26/2008,0,0,0,0,14.1,13.4,13.7,302,-21,120,10.5,10,10.2
2/27/2008,1,41,15.95,5,13.6,11.5,12.6,308,-5,163,11.1,10.2,10.7
2/28/2008,0,0,0,0,12.1,11,11.5,278,-36,131,11.3,10.3,10.8
2/29/2008,0,0,0,0,12.7,11.2,11.9,325,27,138,11.7,10.6,11
3/1/2008,0,0,0,0,13.7,12.2,12.9,232,-5,100,11.7,10.2,10.9
3/2/2008,0,0,0,0,14,12.8,13.3,216,-52,99,12.2,10.6,11.2
3/3/2008,0,309,13.54,4,14.2,13.2,13.7,297,27,136,12.2,10.2,11
3/4/2008,0,0,0,0,15.6,14,14.6,312,27,171,11.3,10,10.7
3/5/2008,0,0,0,0,16.4,15,15.7,215,-52,88,11.4,10.2,10.7
3/6/2008,0,0,0,0,16.4,15.2,15.8,233,-180,100,NA,NA,NA
3/7/2008,0,0,0,0,16.3,15.8,16,239,43,124,10.3,9.6,10
3/8/2008,0,0,0,0,16.6,15.1,16.1,217,-193,48,10.2,9.1,9.7
3/9/2008,0,0,0,0,15.6,14.3,14.9,234,-69,93,10.4,9.6,9.9
3/10/2008,0,0,0,0,15.7,14.4,14.9,248,11,121,11.3,9.7,10.4
3/11/2008,0,0,0,0,15.6,14.6,15.2,169,-36,85,11.1,9.9,10.5
3/12/2008,0,0,0,0,16.3,15,15.7,275,11,117,11.6,9.6,10.4
3/13/2008,0,1483,18.02,3,16.5,15.2,15.9,279,-21,90,11.7,9.3,10.3
3/14/2008,0,0,0,0,16.5,15.8,16.1,198,11,82,11,9.2,10
3/15/2008,0,0,0,0,17.5,15.9,16.6,245,-67,92,10.9,8.7,9.9
3/16/2008,0,0,0,0,18.2,16.6,17.4,323,-67,102,10.2,8.6,9.5
3/17/2008,0,0,0,0,17.4,16.8,17.1,152,-67,52,10.8,8.6,9.5
3/18/2008,0,0,0,0,NA,NA,NA,234,11,108,NA,NA,NA
3/19/2008,0,842,10.51,4,18.1,16.5,17.2,283,27,134,10.5,8.9,9.6
3/20/2008,0,0,0,0,18.6,17.5,18,541,-67,212,10.6,8.9,9.9
3/21/2008,0,0,0,0,NA,NA,NA,295,11,104,NA,NA,NA
3/22/2008,0,0,0,0,18.7,17.3,18,184,-36,64,10.6,9.4,10
3/23/2008,0,0,0,0,18.4,17.6,18,168,-67,51,10.9,9.3,10
3/24/2008,0,0,0,0,17.9,16.8,17.4,322,11,132,10.3,9.4,9.8
3/25/2008,0,0,0,0,17.6,16.2,16.8,197,-20,109,11.4,9.4,10.4
3/26/2008,11,879,13.92,3,NA,NA,NA,167,-36,88,NA,NA,NA
3/27/2008,0,0,0,0,18,16.6,17.3,152,-129,66,11.4,9.5,10.5
3/28/2008,0,0,0,0,18.8,17.4,18.1,151,-67,52,11.3,9.2,10.3
3/29/2008,0,0,0,0,18.8,17.7,18.3,183,-99,65,10.1,8.6,9.3
3/30/2008,0,0,0,0,17.7,16,16.9,151,-36,61,10.4,9.3,9.8
3/31/2008,0,0,0,0,16.4,15.7,16,231,11,116,10.8,8.8,9.7
4/1/2008,0,0,0,0,17.9,16.2,16.9,277,-21,120,11.2,9.2,10
4/2/2008,0,115,11.97,3,18.7,17.8,18.1,297,-181,94,11,9.2,10.1
4/3/2008,0,63,17.65,3,18,16.8,17.3,170,-5,94,9.9,9.2,9.5
4/4/2008,0,251,27.23,3,18.1,16.6,17.2,251,-21,121,10.6,9,9.8
4/5/2008,0,889,24.84,4,19.3,18.1,18.5,303,43,131,10.3,8.3,9.3
4/6/2008,99,529,19.88,4,20.3,18.8,19.3,387,12,140,10.1,8.3,9.1
4/7/2008,3255,1348,45.37,3,19.6,18.9,19.2,227,-22,93,8.5,7.9,8.1
4/8/2008,185,307,45.74,3,19.2,18.5,18.9,194,-38,89,8.2,7.2,7.8
4/9/2008,0,12,43.21,4,19.4,18.4,18.9,355,28,145,8.3,7,7.6
4/10/2008,0,3,53.5,44,19.1,18.6,18.9,7290,28,1540,8.8,7.4,8.2
4/11/2008,0,127,59.84,44,20.7,19,19.9,6170,-144,1540,9.3,7.5,8.7
4/12/2008,1938,7171,64.35,42,22,20.4,21.3,5690,-560,1470,8.9,8.2,8.6
4/13/2008,440,1121,74.03,42,21.5,20.4,21.1,5530,57,1480,8.3,7.8,8.1
4/14/2008,0,216,74.25,45,20.9,19.9,20.5,6100,47,1600,8,7.6,7.7
4/15/2008,0,1300,65.79,43,20.2,19.3,19.9,5460,-10,1500,8.5,7.5,8
4/16/2008,0,1195,71.17,40,19.3,18.4,18.8,5390,-10,1420,8.9,7.6,8.3
4/17/2008,148,486,63.48,38,18.7,17.6,18.2,5370,-196,1330,NA,NA,NA
4/18/2008,1309,1914,66.93,46,18.4,17.3,17.9,7980,-666,1610,NA,NA,NA
4/19/2008,237,1701,65.69,45,19.4,17.9,18.6,5650,101,1590,9.4,8.1,8.8
4/20/2008,220,1691,50.36,39,20,19.1,19.5,5480,-170,1380,9.8,7.7,8.6
4/21/2008,0,96,63.72,44,20.9,19.5,20.2,5730,-216,1560,8.6,7.9,8.3
4/22/2008,0,213,67.75,22,20.8,19.6,20.2,5080,-477,788,8.7,7.7,8.1
4/23/2008,0,59,63.67,22,20.5,19.8,20.1,5170,-34,781,8.1,6.9,7.7
4/24/2008,5,217,67.54,21,21.3,19.7,20.4,4980,-372,746,8.3,6.9,7.8
4/25/2008,0,175,66.88,24,21,19.9,20.4,5400,-682,858,8.4,6.9,7.8
4/26/2008,14,1089,60.73,22,22.3,20.6,21.5,5080,-294,769,9.3,7,7.9
4/27/2008,407,719,65.77,19,23.2,21.6,22.5,4850,-623,679,8.8,7.1,7.9
4/28/2008,109,217,64.64,8,NA,NA,NA,5700,79,914,NA,NA,NA
4/29/2008,2,55,68.05,21,22.9,21.6,22.2,5290,-330,729,8.4,7.1,7.9
4/30/2008,0,46,69.23,25,23,21.4,22.2,5270,-227,865,8.3,6.4,7.9
5/1/2008,0,76,70.2,24,23,21.6,22.2,5150,-381,857,8.4,7.4,7.8
5/2/2008,19,66,70.64,18,23.2,21.8,22.5,5010,-250,635,8.6,6.8,7.8
5/3/2008,43,30,50.7,22,23.1,21.9,22.5,5140,-218,777,8.3,7.2,7.9
5/4/2008,18,6,38.22,24,23.3,22.2,22.8,5070,-667,832,8.8,7.5,8.2
5/5/2008,9,90,44.25,27,24.1,22.7,23.7,8630,-522,951,8.7,7.5,8
5/6/2008,13,82,43.19,24,24,23.3,23.7,5230,-90,854,8.4,7.1,7.7
5/7/2008,0,24,45.35,16,24.5,23.3,23.9,4780,74,566,8.6,7.2,7.7
5/8/2008,0,0,10.19,5,NA,NA,NA,355,-5,170,NA,NA,NA
2/9/2009,0,119,47.4,126,11.1,9.8,10.4,269,-21,121,12.8,11.9,12.3
2/10/2009,0,662,85.8,170,NA,NA,NA,NA,NA,0,NA,NA,NA
2/11/2009,1,781,85.74,0,NA,NA,NA,NA,NA,0,NA,NA,NA
2/12/2009,0,504,76.16,0,NA,NA,NA,NA,NA,0,NA,NA,NA
2/13/2009,0,82,83.76,0,NA,NA,NA,NA,NA,0,NA,NA,NA
2/14/2009,0,180,46.86,121,NA,NA,NA,NA,NA,0,NA,NA,NA
2/15/2009,1504,2415,74.91,128,NA,NA,NA,NA,NA,0,NA,NA,NA
2/16/2009,7,165,68.57,0,NA,NA,NA,NA,NA,0,NA,NA,NA
2/17/2009,0,207,83.72,0,NA,NA,NA,NA,NA,0,NA,NA,NA
2/18/2009,0,67,95.24,0,NA,NA,NA,NA,NA,0,NA,NA,NA
2/19/2009,0,0,0.51,109,NA,NA,NA,NA,NA,0,NA,NA,NA
2/20/2009,0,0,0,124,NA,NA,NA,301,27,138,NA,NA,NA
2/21/2009,0,0,0,129,NA,NA,NA,271,28,132,NA,NA,NA
2/22/2009,0,0,0,115,NA,NA,NA,NA,NA,0,NA,NA,NA
2/23/2009,0,0,35.63,0,NA,NA,NA,NA,NA,0,NA,NA,NA
2/24/2009,0,415,91.11,0,NA,NA,NA,NA,NA,0,NA,NA,NA
2/25/2009,0,78,74.7,194,NA,NA,NA,NA,NA,0,NA,NA,NA
2/26/2009,0,30,75.58,171,NA,NA,NA,262,74,169,NA,NA,NA
2/27/2009,0,138,53.05,159,NA,NA,NA,340,58,154,NA,NA,NA
2/28/2009,0,1483,83.88,164,12.8,12.5,12.6,309,58,148,8.6,7.9,8.3
3/1/2009,0,1409,85.45,133,12.7,10.9,11.9,290,-5,124,9.1,7.8,8.4
3/2/2009,0,13,89.22,9221,11.3,9.4,10.5,21400,79,9280,12,8.3,10.5
3/3/2009,3,2,92.22,20800,9.4,8.4,8.9,24500,17100,20800,12.8,11.8,12.3
3/4/2009,39,68,91.61,23296,9.7,8.2,8.8,25900,21900,23500,13.2,12.2,12.7
3/5/2009,21,56,156.3,22279,10.5,8.8,9.5,25600,16200,22700,13.2,12.4,12.9
3/6/2009,13,10,265.59,20721,11.4,9.5,10.2,25200,17300,21400,13.3,12.6,12.9
3/7/2009,19,18,265.13,20325,12.7,10.5,11.3,25400,16200,20500,13.3,12.5,12.9
3/8/2009,9,19,265.45,17730,13.6,11.7,12.3,24900,4950,17400,13.2,12.6,12.8
3/9/2009,784,8,184.63,11438,15,13.2,13.9,23300,5010,11800,13,12.1,12.5
3/10/2009,0,0,0,6358,15.2,14.6,14.9,7040,4940,6390,12.7,11.9,12.3
3/11/2009,0,0,0,6107,15.9,14.8,15.5,7260,4450,6180,12.2,11.2,11.9
3/12/2009,2056,5872,222.65,7763,16.4,15.7,16.1,12300,5300,7860,12,11.4,11.7
3/13/2009,2142,3447,265.23,7645,NA,NA,NA,12400,5160,7910,NA,NA,NA
3/14/2009,524,3798,265.54,7794,13.6,12.5,12.9,14400,3920,7980,11.6,11,11.4
3/15/2009,5669,3341,265.33,8170,12.8,12.5,12.7,15100,2630,8360,12,11.2,11.5
3/16/2009,902,1290,263.35,9033,13,12.7,12.9,12700,1750,9000,11.8,11.2,11.5
3/17/2009,1141,2147,267.18,9092,13.5,12.9,13.1,13400,3380,9150,11.7,11.2,11.5
3/18/2009,9301,2524,269.51,8921,13.8,13.3,13.5,12700,4240,8790,11.9,11.1,11.6
3/19/2009,8961,6085,268.78,8735,15.1,13.8,14.3,19500,4760,8750,12.1,11.6,11.8
3/20/2009,15527,9115,269.54,9009,15.6,14.3,15.1,13000,5140,9040,12.1,11.4,11.7
3/21/2009,14056,9428,265.24,9150,14.7,13.7,14.1,13000,4530,9100,12,11.2,11.7
3/22/2009,16582,5605,265,9118,14.1,13.6,13.9,12800,5140,9070,11.9,11,11.7
3/23/2009,16089,3511,266.63,9338,15.2,14,14.4,13200,5690,9230,12.1,11.4,11.8
3/24/2009,20174,5201,264.98,9134,15.6,15.2,15.4,13500,5520,9120,12,11,11.7
3/25/2009,4485,2317,265.48,9057,15.5,14.8,15,12700,4740,9030,11.8,11.1,11.5
3/26/2009,8972,2819,265.51,9511,15.8,14.7,15,13200,5740,9460,11.5,11,11.2
3/27/2009,33017,4704,264.41,11235,16.1,15.4,15.6,17400,6100,11600,11.4,10.7,11
3/28/2009,99237,24749,264.73,12550,16.2,15.8,16,14100,11100,12500,11.4,10.6,11
3/29/2009,77467,26821,263.96,16229,17.5,16.1,16.6,23300,10600,16200,11.2,10.5,10.9
3/30/2009,8333,1024,265.8,22900,17,15.3,16.1,24800,21100,22700,11.6,10.4,11
3/31/2009,10409,1069,215.96,23104,17.2,16,16.6,24900,21300,23000,12,10.8,11.4
4/1/2009,1427,4262,237.79,23292,17,16.5,16.7,25300,21300,23300,11.9,11,11.5
4/2/2009,5563,229,237.19,23071,16.7,16.4,16.5,24900,21600,23200,11.8,11.1,11.4
4/3/2009,4579,4581,216.35,22967,18.1,16.4,17.1,24800,21400,23100,11.4,10.8,11.1
4/4/2009,23262,8804,266.46,23117,18.3,16.7,17.4,25300,16200,23000,11.5,10.8,11.1
4/5/2009,12883,5393,268.44,22721,18.1,17.1,17.6,24700,17600,22700,11.2,10.8,11
4/6/2009,3632,1178,250.82,20421,18.4,17.5,17.9,24300,13700,20400,11.2,10.8,10.9
4/7/2009,903,1013,269.07,19521,17.5,14.9,15.6,25300,16600,20100,11.8,10.9,11.3
4/8/2009,556,1182,268.79,14879,15,14.1,14.5,23700,5360,14500,11.9,11.3,11.7
4/9/2009,786,2458,268.19,6288,15.3,15,15.1,7560,5510,6360,11.7,11.3,11.5
4/10/2009,8531,117223,269.44,4168,17.4,15.3,16.4,7030,-578,4140,11.5,10.2,11.1
4/11/2009,4341,24188,200.43,4005,18.4,16.7,17.7,6830,68,3940,11.1,9.6,10.4
4/12/2009,2910,19449,80.67,3711,18.5,17.7,18,6300,-156,3790,10.9,9,10.3
4/13/2009,223,1861,77.86,5633,18.2,17.6,17.9,12200,121,5580,11.5,9.7,10.9
4/14/2009,715,559,165.44,9407,17.8,17.4,17.6,12800,5460,9360,11.2,10.2,10.7
4/15/2009,1661,1985,249.55,9084,18,17.5,17.8,17200,5640,9290,11.3,10,10.7
4/16/2009,1283,2911,253.14,9206,18.1,17.5,17.9,12800,4850,9190,11.8,11,11.4
4/17/2009,294,1309,253.45,11125,17.8,17,17.4,15300,5640,11300,12.1,11.4,11.6
4/18/2009,551,1517,259.61,13054,18.5,17,17.5,15800,11200,13200,12.3,11.6,12
4/19/2009,21,781,258.49,13250,18.6,17.8,18.1,16100,11800,13300,12.3,11.6,11.9
4/20/2009,1548,2212,272.88,12675,19.5,18.1,18.5,15400,11400,12800,12.2,11,11.5
4/21/2009,1266,2006,255.46,12338,19.7,19,19.2,13800,11500,12500,NA,NA,NA
4/22/2009,739,3339,254.38,10534,19.7,18.4,18.9,20400,4960,10400,NA,NA,NA
4/23/2009,1569,2394,254.31,9324,19.8,18.4,18.7,13200,5740,9460,NA,NA,NA
4/24/2009,1593,4123,255.32,7743,21.3,19.8,20.8,13000,6050,7800,NA,NA,NA
4/25/2009,351,24205,170.71,3285,23.5,21.3,22.2,6740,31,3410,NA,NA,NA
4/26/2009,59,8810,77.02,2907,24.1,22.2,23,6230,164,2960,NA,NA,NA
4/27/2009,3,3832,74.97,3109,24.4,23.1,23.6,6020,29,3130,NA,NA,NA
4/28/2009,0,1629,73.47,2720,24.9,23.5,24.1,5860,-133,2890,NA,NA,NA
4/29/2009,53,1210,73.18,2740,25.2,23.8,24.4,5910,54,2610,NA,NA,NA
4/30/2009,0,758,35.32,2530,25,24.1,24.6,20900,33,2770,NA,NA,NA
2/22/2010,0,0,84.96,22309,NA,NA,NA,24700,20500,22300,NA,NA,NA
2/23/2010,0,0,214.22,22383,NA,NA,NA,24500,20900,22400,11.3,11,11.2
2/24/2010,0,0,189.84,22452,NA,NA,NA,24800,21000,22500,11.4,10.9,11.2
2/25/2010,0,0,75.06,22073,8.8,8,8.5,24700,19500,22100,NA,NA,NA
2/26/2010,0,0,0,22083,NA,NA,NA,24500,19700,22100,NA,NA,NA
2/27/2010,0,0,0,22207,NA,NA,NA,23900,20700,22200,NA,NA,NA
2/28/2010,0,0,0,22328,8.5,7.3,7.8,24000,21000,22300,11.5,11.2,11.3
3/1/2010,0,0,0,22220,8.5,7.7,8.1,23900,14700,22200,11.6,11.2,11.4
3/2/2010,102,1,180.31,17666,8.3,7.4,7.8,23500,3630,17600,11.5,11.1,11.3
3/3/2010,17,87,279.78,12230,7.7,7.4,7.5,23900,2810,12200,11.7,11.1,11.4
3/4/2010,28,64,281.22,11901,8.3,7.4,7.8,24200,5900,11900,11.6,11.2,11.4
3/5/2010,16,46,286.15,12314,8.8,7.8,8.3,22800,4700,12300,11.6,11.1,11.4
3/6/2010,29,100,290.9,11193,NA,NA,NA,23000,1530,11200,NA,NA,NA
3/7/2010,31,92,288.44,11451,9.3,7.8,8.7,22700,2920,11400,11.5,11,11.3
3/8/2010,11,59,257.57,11857,NA,NA,NA,22900,3400,11800,NA,NA,NA
3/9/2010,7,48,243.62,7621,NA,NA,NA,20400,5520,7620,NA,NA,NA
3/10/2010,0,0,0,7077,11.7,10.5,11.4,17000,5480,7060,11.2,10.8,10.9
3/11/2010,1,1480,267.6,6841,11.6,11.3,11.5,7940,5780,6840,11,10.5,10.8
3/12/2010,29,1516,266.7,6536,11.8,11.5,11.6,7890,3690,6540,10.7,10.4,10.6
3/13/2010,252,5242,276.42,6374,12.5,11.6,12.2,7730,2660,6370,10.6,10.3,10.5
3/14/2010,24,2655,267.36,6762,12.9,11.9,12.6,7810,4330,6770,10.3,10,10.1
3/15/2010,222,398,258.51,6708,12.4,11.7,12,8930,3610,6710,10.2,10,10.1
3/16/2010,77,1429,245.14,6136,12.5,11.7,12.2,8160,2320,6140,10.4,10,10.2
3/17/2010,173,1211,234.39,10669,12,11.3,11.7,21600,2320,10700,10.4,9.8,10.1
3/18/2010,191,483,260.66,10637,11.7,11,11.3,21500,704,10600,10.6,10.2,10.4
3/19/2010,2053,1345,248.89,10568,12.9,11.3,11.9,21500,1530,10600,10.6,10.2,10.4
3/20/2010,2861,1450,267.13,10571,13.8,12.4,12.9,22700,613,10600,10.7,10.3,10.5
3/21/2010,2509,1992,282.87,11336,13.9,12.8,13.2,22200,2060,11300,10.7,10,10.4
3/22/2010,9956,2885,275.36,11445,13.3,12.7,13.1,21800,4150,11400,10.3,9.7,10.1
3/23/2010,3472,144,273.79,11003,12.8,11.7,12.2,22400,3930,11000,10.6,9.9,10.3
3/24/2010,4325,1462,276.72,14515,14.5,12.7,13.4,23000,3170,14500,10.6,10.3,10.4
3/25/2010,8184,1838,279.24,14969,15,13.9,14.4,22900,4920,15000,10.7,10.2,10.4
3/26/2010,21013,1588,254.73,14859,15.5,14.5,15,22600,3870,14900,10.5,9.8,10.2
3/27/2010,6773,4904,279.09,14345,15.1,13.8,14.4,21900,3910,14400,10.8,10,10.3
3/28/2010,5078,2140,278.8,14513,15.2,14.1,14.5,22600,2630,14400,10.6,10.1,10.3
3/29/2010,28578,3750,268.29,14613,16.4,14.8,15.3,22800,4060,14600,10.7,9.8,10.1
3/30/2010,23079,3187,267.99,16333,16.4,15,15.7,24400,2560,16300,10.7,10,10.4
3/31/2010,12363,2308,267.87,17710,16.8,15.3,15.9,23600,5850,17700,11,10,10.4
4/1/2010,11426,831,267.54,18353,17.9,15.9,16.7,23800,366,18300,11.2,10.3,10.7
4/2/2010,380,20713,217.03,13215,18.9,17.1,17.6,16200,5570,13300,11.2,10.5,10.8
4/3/2010,6464,31791,267.82,14489,19.1,17.5,18.1,15800,12900,14500,11.1,9.7,10.5
4/4/2010,15907,1708,257.33,14369,20.1,17.9,18.6,15900,13200,14400,10.7,9.9,10.4
4/5/2010,4933,2001,257.75,14414,20.8,18.7,19.5,15800,13400,14400,10.5,9.5,10.1
4/6/2010,2168,11336,262.86,14477,21.3,19.6,20.3,18100,12900,14500,10.1,9.5,9.7
4/7/2010,126,1605,260.24,16825,21.9,20.3,21,22500,4500,16800,9.6,9.1,9.4
4/8/2010,7985,9834,267.78,13755,21.6,20.6,21.1,22800,4940,13800,9.2,8.8,9
4/9/2010,3641,5277,259.12,12420,21.2,20.4,20.8,21800,5400,12400,9.1,8.3,8.7
4/10/2010,5616,5254,207.92,12482,20.7,20.2,20.4,22700,4770,12500,9.5,8.7,9
4/11/2010,0,0,0.26,12272,20.6,19.7,20.2,22900,5070,12300,9.6,9.1,9.3
4/12/2010,68,2129,236.19,9114,20.5,19.6,20,22600,3920,9110,9.4,8.8,9.1
4/13/2010,461,23329,267.99,6354,20.8,19.9,20.4,7020,5780,6350,9.2,8.9,9.1
4/14/2010,4263,7960,170.51,6147,21,20.2,20.7,16900,5230,6140,9.2,8.7,8.9
4/15/2010,83,3009,100.76,5353,20.4,19.7,20.1,6680,383,5330,8.8,8.4,8.8
4/16/2010,262,11037,95.62,4473,21,19.4,20.2,6310,-387,4470,9.1,8.3,8.7
4/17/2010,10248,45964,85.19,4398,21.6,19.9,20.8,6300,-338,4400,9.1,8.3,8.8
4/18/2010,0,0,0.26,4413,22,20.7,21.3,6340,108,4410,8.9,8.1,8.6
4/19/2010,670,5218,91.28,4346,21.4,20.6,20.9,6420,32,4350,9.1,8.1,8.7
4/20/2010,0,9196,101.1,4492,21.5,20.2,20.7,6600,32,4490,9.1,8.4,8.8
4/21/2010,0,4159,100.88,4420,21.5,20.3,20.9,6380,-151,4420,9.1,8.4,8.8
4/22/2010,0,8727,88.99,3089,21.6,20.2,20.9,6390,106,3090,9.1,8.2,8.7
4/23/2010,0,1894,100.68,3049,21.7,20.6,21.2,6360,227,3050,9.2,8.1,8.8
4/24/2010,8379,76318,101.4,3053,21.9,21.1,21.5,6060,202,3050,8.8,8,8.5
4/25/2010,1775,12919,100.89,3034,22.2,21.4,21.8,6150,263,3030,8.7,7.7,8.3
4/26/2010,525,705,100.76,3230,22.1,21.3,21.7,16000,-272,3230,8.9,7.8,8.5
4/27/2010,505,634,100.69,2912,22.2,20.7,21.5,5970,-223,2910,8.8,7.9,8.3
4/28/2010,534,526,100.82,3033,21.6,20.4,21,6260,176,3030,8.6,7.5,8.1
4/29/2010,11,326,76.41,3048,20.7,20.1,20.4,6100,209,3050,8.9,7.3,8.4
2/14/2011,0,65,49.56,708,10,9,9.5,5180,-28,709,12.7,9.5,11.7
2/15/2011,4,171,103.66,771,10,9.2,9.6,5110,127,771,13.7,10.2,11.9
2/16/2011,125,198,88.27,802,10.1,9,9.6,5210,-341,802,14,10.2,12.2
2/17/2011,1166,705,79.06,863,11,9.6,10.2,5250,-173,863,13.4,10.2,12.1
2/18/2011,110,7,26.48,714,12.3,10.8,11.6,5070,-5,713,13.1,10,11.9
2/19/2011,0,0,0,778,13.7,11.7,12.6,5100,-419,779,13.6,10.6,11.9
2/20/2011,0,0,0,735,13.3,12.2,12.9,5030,-170,735,13,10.8,11.7
2/21/2011,0,0,0,623,13.8,12.6,13.2,5030,-354,623,12.4,10.5,11.5
2/22/2011,1518,7674,53.32,668,14.7,13.4,14,5000,-173,668,12.1,10.2,11.3
2/23/2011,26,1795,78.62,775,14.2,13.4,13.8,5170,-115,775,13.9,9.4,11.1
2/24/2011,2377,3771,56.86,844,14.8,13.5,14.2,5110,-90,844,12.4,9.7,10.9
2/25/2011,3550,2139,78.32,684,15.3,14.7,15,5120,-143,684,11,9.3,10.4
2/26/2011,70,2435,78.57,772,15.6,14.5,15,5120,80,772,11.9,8.7,10.5
2/27/2011,1968,11246,79.34,745,16.2,14.9,15.5,5050,-197,744,11.1,8.6,10.3
2/28/2011,46,4756,78.83,760,17.1,15.6,16.4,5080,-413,761,10.9,8.8,10.2
3/1/2011,57,2956,63.28,685,17.5,16.3,16.9,5060,-487,686,NA,NA,NA
3/2/2011,0,861,78.06,742,17.1,15.7,16.3,4780,-184,741,NA,NA,NA
3/3/2011,0,1106,78.06,661,16.5,15.6,16,4790,-224,662,NA,NA,NA
3/4/2011,806,2440,78.32,985,16.1,15.2,15.7,16800,-951,985,NA,NA,NA
3/5/2011,32,1172,78.06,586,16.2,15.3,15.7,4700,-1000,586,9.7,7.6,9.3
3/6/2011,243,1974,78.57,1171,15.8,15.1,15.4,17500,-1660,1170,9.8,8.3,9.4
3/7/2011,366,176,78.56,668,15.7,14.4,14.9,4830,-412,668,10,7.9,9.6
3/8/2011,3593,713,77.64,645,15.4,14.1,14.7,4800,-403,642,9.8,7.8,9.5
3/9/2011,3,748,78.06,1702,15.5,14.7,15,5660,-1600,1730,9.9,7.8,9.5
3/10/2011,83,531,74.3,2701,15,14.5,14.8,6050,-3180,2700,9.8,8.1,9.6
3/11/2011,44,135,106.4,9343,14.6,13.4,14.2,21900,-1070,9360,10.4,9.4,9.8
3/12/2011,1627,538,203.55,12788,14.4,12.9,13.5,23700,3000,12800,10.5,9.8,10.1
3/13/2011,3663,1255,260.4,13203,15.6,13.7,14.4,23200,1720,13200,10.4,9.7,10
3/14/2011,8009,434,252.8,13207,16,14.7,15.3,23700,-235,13200,10.3,9.3,9.9
3/15/2011,1751,7,245.16,13483,16.4,14.8,15.5,23600,4590,13800,10.1,9.5,9.8
3/16/2011,99,1420,248.9,12569,16.4,15.6,16,23000,3700,12700,9.9,9.3,9.6
3/17/2011,2550,673,240.59,11926,16.8,15.6,16.1,23500,3780,12100,9.9,9.2,9.5
3/18/2011,220,5688,245.83,7910,16.7,16.2,16.4,21300,3220,8060,9.9,8.7,9.3
3/19/2011,17281,15641,249.81,6322,17.8,16.6,17.4,7770,5640,6520,9.3,8.7,9.1
3/20/2011,83283,19366,248.12,6146,18.3,17.5,17.9,7900,4570,6350,9.1,8.4,8.8
3/21/2011,13137,10648,246.85,5843,17.8,17.4,17.6,7630,101,6010,9,8.6,8.8
3/22/2011,7903,2241,155.68,4525,18.8,17.3,18,7540,-1280,4630,9.1,7.6,8.6
3/23/2011,1880,3133,100.53,4330,19.3,18.1,18.7,6820,-248,4440,9,7.2,8.5
3/24/2011,590,3122,100.47,4398,20,18.8,19.3,6850,-80,4520,8.9,7.4,8.4
3/25/2011,282,2055,87.24,4634,19,17.8,18.6,16700,-4,4750,9.1,7.3,8.5
3/26/2011,393,7119,83.78,4451,18.6,17.6,18.1,6960,-322,4570,9.2,7.9,8.8
3/27/2011,189,5939,79.08,4385,18,17,17.7,7940,-488,4500,9,8,8.7
3/28/2011,74,555,81.78,9637,17,14.5,16,22200,124,9760,9.5,8.3,8.9
3/29/2011,124,341,192.87,10532,15.3,14.1,14.5,22100,3310,10700,9.5,9,9.3
3/30/2011,6591,319,268.85,10572,15.6,15.2,15.4,22300,5050,10700,9.7,9,9.4
3/31/2011,1458,294,269.1,10529,15.2,14.9,15,21800,5220,10700,9.5,9,9.2
4/1/2011,19127,702,267.68,10347,15.1,14.9,15,21400,5370,10600,9.9,9.2,9.4
4/2/2011,16899,2944,264.97,13330,15.6,14.5,14.9,21400,5930,13600,10,9.6,9.8
4/3/2011,13918,4576,257.74,12970,16.7,15.1,15.7,22100,5680,13200,10,9.3,9.7
4/4/2011,29054,1995,248.75,13463,18,15.9,16.7,22800,5020,13700,10,9.3,9.7
4/5/2011,18407,1612,269.32,11263,18,17.3,17.7,15300,-376,11600,9.7,6.9,9.1
4/6/2011,7407,1603,269.79,13000,17.5,16.4,16.9,21900,6130,13400,9.7,9.1,9.3
4/7/2011,59643,4890,271.29,13467,18.5,16.5,17.3,22000,5520,13600,10.1,9.1,9.5
4/8/2011,971,2587,269.15,10880,19.3,17.9,18.4,21800,5550,11000,10.1,9.4,9.7
4/9/2011,856,23936,266.41,10881,20.7,19.1,19.7,21900,5950,11000,10,8.8,9.6
4/10/2011,1811,49906,264.12,11028,20.7,19.7,20.1,21400,4660,11200,9.6,8.6,9.3
4/11/2011,21,466,257.53,10807,21,19.7,20.1,21700,5230,10900,9.4,8.5,9.1
4/12/2011,574,1690,269.19,11058,21,19.8,20.5,21300,3230,11200,9,7.6,8.5
4/13/2011,35,877,268.03,11251,19.9,19.2,19.6,19500,4200,11400,8.9,7.6,8.4
4/14/2011,29,1741,269.21,11354,20.5,19.6,19.9,22400,5360,11500,9.1,7.4,8.5
4/15/2011,12,880,269.15,10948,20.4,19.7,20.1,23000,5160,11100,9.5,6.4,8.6
4/16/2011,46,15320,265.3,11050,20.9,20,20.3,22500,5880,11200,9.1,8.5,8.9
4/17/2011,0,0,242.2,10635,20.7,19.6,20.2,22300,5420,10800,9.2,8.3,8.6
4/18/2011,9,997,246.91,6482,20.4,20,20.2,7400,5830,6660,9.1,8.5,8.7
4/19/2011,66,3356,256.56,5275,21.3,20.2,20.9,7130,220,5370,8.8,6.8,8.5
4/20/2011,25,6123,255.33,4821,22.7,21.1,22.1,6900,-160,4950,8.6,6.5,8.2
4/21/2011,0,3383,258.35,4218,23.6,22.4,23,6870,-54,4330,8.4,7.2,8
4/22/2011,0,2674,235.93,4649,23.2,22.8,23,6820,218,4780,8.3,7.1,8
4/23/2011,9,3962,245.32,4727,22.9,22.1,22.6,6730,145,4870,8,7.3,7.8
4/24/2011,0,2554,245.32,4709,24,22.5,23.3,6840,264,4850,8.2,7.4,7.9
4/25/2011,0,2375,243.12,4728,24.8,23.6,24.3,6910,344,4870,8.3,7.1,8
4/26/2011,0,1213,245.32,4726,25.1,24.4,24.8,6790,225,4870,8.1,7.1,7.7
4/27/2011,0,1200,244.4,4730,25,24.5,24.7,6830,324,4870,7.9,7.2,7.6
4/28/2011,0,472,231.3,4863,25.2,24.4,24.8,6670,-54,5010,7.8,6.1,7.5
4/29/2011,0,365,140.91,4544,24.9,23.9,24.4,6600,-348,4670,7.7,6.6,7.4
2/9/2012,0,5628,31.69,70,13.5,12.6,13,207,-95,70,11.4,10.7,11
2/10/2012,0,134,56.31,110,13,12.4,12.7,303,-2,110,11,9.2,10.2
2/11/2012,5,355,84.62,253,13,11.6,12.6,520,55,254,9.3,8.4,8.9
2/12/2012,1,16,84.2,196,11.9,10.7,11.3,451,-22,195,9.7,9,9.4
2/13/2012,0,10,83.71,112,12.2,10.8,11.4,293,-2,111,9.9,8.9,9.2
2/14/2012,0,2,75.38,105,11.8,11.1,11.4,321,17,105,9.5,8.1,8.9
2/15/2012,0,6,82.83,131,12.7,11.7,12.1,302,-2,131,9.7,7.8,8.9
2/16/2012,0,22,82.82,124,12.8,12.3,12.5,245,-2,124,9,8.3,8.6
2/17/2012,0,9,77.11,79,12.8,12.6,12.7,263,-2,79,9.5,7.7,8.6
2/18/2012,0,28,77.33,248,13,11.5,12.5,11000,-69,248,9.8,7.8,8.8
2/19/2012,0,59,80.21,86,12.1,11.5,11.7,327,-79,87,10.5,9.2,10.1
2/20/2012,0,56,82.81,173,12.2,10.8,11.5,342,36,173,10.3,9.3,9.9
2/21/2012,0,58,83.72,734,12.2,10.9,11.7,5240,-242,734,11.7,8.6,10.7
2/22/2012,1939,2910,84.07,674,13.1,11.8,12.4,5270,-633,674,11.7,9,10.9
2/23/2012,27,4198,83.61,622,14.3,12.8,13.4,4980,-395,622,11.3,9.4,10.7
2/24/2012,1,2800,83.93,705,15.1,13.9,14.5,5130,-312,705,11.1,9.1,10.4
2/25/2012,9,6842,78.84,727,15.1,14.4,14.7,5050,-68,728,10.8,8.2,10.2
2/26/2012,0,895,55.15,736,14.8,14.1,14.4,5120,-459,736,10.8,8,10.1
2/27/2012,0,1058,84.04,733,14.9,14.2,14.6,5140,-1310,733,10,8.4,9.7
2/28/2012,20177,29945,87.08,722,15.6,14.5,15,5090,-1160,722,10.5,7.3,9.7
2/29/2012,217,2630,88.37,751,15.3,14.1,14.8,5150,-638,751,10.5,7.3,9.7
3/1/2012,5,1485,83.9,1219,15.7,15,15.3,5290,-749,1220,10.3,8,9.7
3/2/2012,738,2668,74.69,1097,16.7,15.3,15.8,5400,-407,1120,10.2,8.3,9.6
3/3/2012,0,1727,60.66,1364,16.9,16.5,16.6,5660,-350,1360,9.8,7.6,9.1
3/4/2012,21,2135,81.42,1974,16.9,16.1,16.6,5710,-316,1970,9.4,7.8,9.2
3/5/2012,0,1440,166.9,6115,16.3,13.4,15.2,12900,-1470,6120,10.2,8.7,9.5
3/6/2012,0,299,250.66,7164,13.8,13.2,13.5,8850,6550,7160,10.6,10.1,10.4
3/7/2012,2,563,250.68,6853,14,13.3,13.7,12500,5280,6850,10.8,10.3,10.6
3/8/2012,483,475,250.69,6431,14.5,13.5,14.1,12100,3830,6430,11,10.4,10.7
3/9/2012,214,1851,242.75,6298,15.4,14.5,15.1,6800,5820,6300,10.8,10.3,10.6
3/10/2012,101,18,242.77,6092,15.4,14.6,15,7020,3480,6090,11,10.3,10.7
3/11/2012,0,0,71.88,6036,15.1,14.5,14.7,7060,3920,6030,11,10.4,10.8
3/12/2012,51,1158,81.88,2583,15.7,14.5,15.1,6480,-744,2590,10.7,8.4,10.3
3/13/2012,5602,3173,84.59,2736,16.5,15.2,15.7,10900,-2020,2740,10.8,8.9,10.4
3/14/2012,5952,1886,48.16,1869,18.3,16.2,17,6210,-2120,1860,10.5,6.4,10
3/15/2012,0,0,0,1720,19.4,17.4,18.2,14500,-1450,1700,10.6,8.7,9.8
3/16/2012,0,0,0,1024,20.2,18.4,19.1,5680,-2210,1050,10,6.4,9.4
3/17/2012,0,0,0,1279,21.2,19.5,20.2,5800,-739,1280,9.7,6.2,9.1
3/18/2012,0,0,0,1303,21.4,20.5,20.9,5660,-787,1270,9.4,5.6,8.5
3/19/2012,0,0,0,1418,21.8,20.7,21.2,5640,-821,1440,9.2,7.1,8.2
3/20/2012,0,0,0,1324,22.1,21,21.5,5600,-474,1330,9,6.5,8.5
3/21/2012,0,0,0,1426,22.6,21.5,21.9,5680,-223,1410,8.9,6.2,8.4
3/22/2012,0,0,0,1341,23.3,22,22.4,5780,-1080,1360,9,6.1,8.2
3/23/2012,0,0,0,1388,23.9,22,22.8,5930,-838,1380,9,6.6,8.2
3/24/2012,0,0,0,1393,23.7,23,23.3,5870,-818,1390,8.2,6.4,7.7
3/25/2012,0,0,0,1400,23.5,22.8,23.2,5860,-258,1400,8,5.4,7.3
3/26/2012,0,0,0,1458,23.8,22.3,23,5680,-187,1450,8.2,6.3,7.3
3/27/2012,0,0,0,1347,23,21.4,22.3,5900,-318,1360,8.6,6.8,7.7
3/28/2012,0,0,0,2067,22.1,20.9,21.4,5770,-1170,2070,8.9,7.4,8.2
3/29/2012,0,0,0,1351,22,20.6,21.2,5870,-487,1350,9.2,7.8,8.5
3/30/2012,0,0,0,1365,22.3,20.8,21.5,5740,-445,1350,9,7.8,8.5
3/31/2012,0,0,0,1336,22.2,21.6,21.9,5820,-259,1340,8.6,7.2,8.2
4/1/2012,0,0,0,1546,23.1,21.8,22.2,14600,-716,1550,8.7,7,7.9
4/2/2012,972,27712,34.91,1067,23.9,21.8,22.5,5720,-115,1070,8.4,6.4,7.8
4/3/2012,535,38367,60.96,1633,23,22.2,22.5,5800,-250,1590,8.7,6.6,7.9
4/4/2012,65,2757,75.51,1334,23.8,22.1,22.8,6040,-187,1370,8.7,7.4,8
4/5/2012,0,4707,35.73,1530,24.4,22.8,23.3,6040,-203,1530,8.5,7,7.8
2/27/2013,0,0,1.12,11495,11.6,10.9,11.1,21700,-3610,11500,10.9,10.1,10.6
2/28/2013,3,1066,120.42,11685,11.5,10.7,11.1,22200,-3990,11800,10.9,10.3,10.7
3/1/2013,44,91,295.65,12066,11.3,10.4,10.8,22700,-6070,12100,10.9,10.2,10.6
3/2/2013,0,0,37.5,11762,11.1,10.3,10.6,23700,-7140,11700,10.9,10.3,10.6
3/3/2013,0,0,37.5,11975,10.5,9.7,10.1,22300,-2580,12000,11.1,10.4,10.7
3/4/2013,455,179,221.34,11914,10.3,9,9.7,22700,-3220,12000,11.2,10.6,10.8
3/5/2013,41,60,218.45,11983,10.8,9.9,10.2,21900,-5360,12000,11.3,10.7,11
3/6/2013,75,34,119.92,11403,10.8,9.9,10.3,22600,-4370,11400,11,10.4,10.8
3/7/2013,0,0,0,11209,10.4,9.2,9.7,22700,-2160,11300,11.1,10.5,10.7
3/8/2013,0,0,0,8688,10.9,9.9,10.4,22800,-5520,8600,11.2,10.7,11
3/9/2013,0,0,0,7081,10.9,10.2,10.5,21700,-5190,7080,11.2,10.6,11
3/10/2013,0,0,0,5989,11.8,10.7,11.2,21500,-3900,6040,11.4,10.2,11.1
3/11/2013,0,0,0,6103,12.4,11.3,11.9,21600,-1550,6050,11.3,10,10.9
3/12/2013,0,0,0,5318,13.8,11.9,12.6,21000,-2560,5320,10.8,8.6,10.1
3/13/2013,0,0,0,5542,13.6,12.7,13.3,20400,-5540,5550,10.6,8.8,10.2
3/14/2013,0,0,0,5379,13.1,12.2,12.6,20800,-3180,5370,10.2,8.9,9.7
3/15/2013,0,0,0,5308,12.6,11.8,12.2,21600,-3530,5300,10.3,7.5,9.6
3/16/2013,0,0,0,5425,13.7,12,12.9,21000,-1430,5430,10.2,7.1,9.4
3/17/2013,0,0,0,5556,15.4,13.1,14.3,20900,-2300,5560,9.9,6.8,9.4
3/18/2013,0,0,0,6072,15.5,14.7,15.2,21200,-3650,6070,10,7.2,9.2
3/19/2013,0,0,0,5547,16.3,15.2,15.5,20900,-3080,5540,9.9,4,9.3
3/20/2013,0,0,0,5551,15.9,14.8,15.6,21600,-2470,5560,9.9,6.6,9.4
3/21/2013,0,0,0,7406,14.8,13.5,14.2,21300,-3850,7400,10,7.7,9.4
3/22/2013,0,0,0,8348,13.5,12.4,13.1,21000,-5050,8350,10.3,8.2,9.8
3/23/2013,0,0,0,5424,12.8,12.2,12.4,21000,-5660,5430,10.3,8.9,9.9
3/24/2013,0,0,0,7764,12.2,11.8,12,21200,-4440,7760,10.1,8.2,9.7
3/25/2013,0,0,0,16771,11.9,11.4,11.7,22400,-231,16900,10.2,9.1,10
3/26/2013,0,0,0,16461,11.5,10.4,10.8,23400,-2950,16500,10.8,9.9,10.3
3/27/2013,0,0,0,15756,11.8,10.4,11,23800,-3480,15800,11,10.2,10.6
3/28/2013,0,0,0,16781,12.3,10.9,11.5,22200,-4290,16700,11.1,10.6,10.8
3/29/2013,0,0,0,14013,12.8,11.3,12,22800,-5160,14000,11.2,10.3,10.8
3/30/2013,0,0,0,11185,13.6,12.7,13,22600,-2220,11200,11.4,9.5,10.8
3/31/2013,0,0,0,11531,14.6,13.1,13.7,23000,-6590,11500,11.3,9.4,10.8
4/1/2013,0,0,0,10176,15.4,14.3,14.6,22100,-1920,10200,10.9,7.1,10.2
4/2/2013,2874,5424,206.73,12390,15.7,14.8,15.2,22200,-1050,12400,10.8,9.5,10.5
4/3/2013,9591,35456,232.35,11784,15.7,14.9,15.3,23500,-4640,11800,10.8,8.9,10.3
4/4/2013,17058,1377,330.25,13892,15.2,13.5,14.2,23100,-1710,13900,10.6,9.7,10.2
4/5/2013,12720,3629,407.52,12763,13.6,12.7,13.1,22500,-2580,12800,10.5,9,9.9
4/6/2013,15982,8148,405.75,9527,14.9,13.3,13.7,21500,-5900,9550,10.4,9.8,10.1
4/7/2013,3228,1670,355.23,11854,15.5,14.4,14.9,15900,-3350,11800,10.4,10,10.2
4/8/2013,16228,8354,373.74,11654,17.4,15.4,16.1,16200,-4480,11700,10.5,9.4,10.1
4/9/2013,13529,2563,416.08,11796,18.4,16.8,17.3,22900,-3370,11800,10.5,9.7,10.2
4/10/2013,1733,913,216.51,11516,19.8,18.2,18.8,22900,-1700,11500,10.4,8.5,10
4/11/2013,13110,6361,271.38,12069,20.1,19.2,19.5,22600,-4300,12400,10.2,9.1,9.7
4/12/2013,2479,1515,282.81,12347,20.5,19.9,20.2,23900,-268,12300,9.6,8.5,9
4/13/2013,531,21068,292.51,9527,20.6,20.2,20.4,22400,-6310,9530,9.2,7.4,8.7
4/14/2013,234,73639,252.17,6297,20.6,20.1,20.4,22200,-3630,6300,9,7.5,8.5
4/15/2013,2468,28756,232.51,3436,20.3,19.9,20.1,18300,-128,3470,8.6,7.6,8.2
4/16/2013,1341,52856,174.22,5395,20.5,19.7,20,8250,11,5390,8.4,7.9,8.3
4/17/2013,9,68034,118.39,5143,21.5,19.8,20.5,7380,124,5140,8.6,7.7,8.3
4/18/2013,15,1226,58.73,5294,22.4,21.3,21.9,7520,76,5290,8.6,7.9,8.4
4/19/2013,0,7749,56.06,5367,23.2,21.9,22.6,7940,-578,5370,8.5,7.8,8.3
4/20/2013,0,47,21.23,6959,22.6,20.9,22.1,7890,5980,6960,8.1,7.8,7.9
4/21/2013,0,0,155.47,7027,20.9,19.4,20.2,8160,6140,7030,8.6,8,8.3
4/22/2013,26,1139,246.06,7203,19.5,18.3,19.2,8400,6330,7210,8.8,8.4,8.7
4/23/2013,23,416,246.98,7609,18.4,17.9,18.2,9230,-271,7570,9.1,8.8,9
4/24/2013,62,1584,238.03,6089,19.2,17.7,18.5,12200,-271,6130,9.6,8.6,9
4/25/2013,0,171,212.48,7925,21,19.2,20.3,14000,6250,7920,9,8.6,8.9
4/26/2013,0,0,59.15,7013,21.4,20.7,21.1,9370,6090,7010,9.1,8.7,8.9
4/27/2013,0,0,0,9441,21,20.2,20.7,20600,6060,9440,9.1,8.7,8.9
4/28/2013,0,0,0,11083,20.2,19.6,19.9,22100,5970,11100,9.1,8.8,8.9
4/29/2013,0,0,0,16072,20.1,19.4,19.7,22900,6110,16100,9.1,8.7,8.9
4/30/2013,0,0,0,20068,20.5,19.5,19.9,23900,17200,20100,9.3,8.7,9
5/1/2013,0,280,148.44,19829,20.4,19.6,19.9,23700,2840,19800,9.2,8.6,8.9
5/2/2013,1,420,244.3,17218,19.9,19.4,19.6,23100,6520,17200,9.1,8.6,8.9
5/3/2013,0,127,237.14,17102,19.5,18.7,19,23300,3220,17100,9.1,8.5,8.8
5/4/2013,0,0,36.46,17919,18.7,17.8,18.3,23200,6440,18000,9.3,8.7,9
5/5/2013,0,0,36.46,21745,18.8,18.2,18.5,25200,17300,21800,9.2,8.8,9
5/6/2013,0,321,220.21,23173,20.5,18.5,19.3,25100,21500,23200,9.8,8.8,9.2
5/7/2013,0,55,100.9,23192,20.1,18.9,19.5,25500,21500,23200,9.7,9.1,9.4
3/24/2014,87,278,77.27,20147,13.8,12.7,13.2,24000,17200,20200,11.6,10.8,11.3
3/25/2014,1226,114,239.18,16182,13.5,12.4,12.7,24000,-2170,16100,11.5,10.7,11.1
3/26/2014,3170,164,233.62,14855,12.4,10.9,11.6,23200,3760,14900,11.7,10.8,11.2
3/27/2014,4895,495,245.93,12020,12.8,11.4,11.8,22700,2250,12000,11.8,11.2,11.4
3/28/2014,7823,490,248.26,11973,13.3,12.3,12.7,21800,2380,12000,11.6,11,11.3
3/29/2014,9644,0,248.17,15684,14.6,13.2,13.7,23800,6100,15700,11.6,10.8,11.2
3/30/2014,11649,332,226.25,11922,14.6,13.7,14,22800,5370,11900,11.3,10.4,10.8
3/31/2014,2659,60,244.19,12772,14.8,13.4,14,23000,4550,12800,11,10.3,10.6
4/1/2014,14264,1208,229.58,12750,16.3,14.2,14.9,23000,4810,12700,10.8,9.3,10.1
4/2/2014,21428,2327,231.12,10209,17.3,15.6,16.2,22500,5910,10200,9.9,9.2,9.6
4/3/2014,22282,3663,230.07,7203,NA,NA,NA,NA,NA,8410,NA,NA,NA
4/4/2014,17369,4088,250.72,9098,NA,NA,NA,NA,NA,9100,NA,NA,NA
4/5/2014,21750,4065,250.99,8265,19.7,18.9,19.2,NA,NA,8260,8.9,8.3,8.6
4/6/2014,18719,1736,249.9,8776,19.8,17.5,19,NA,NA,8780,8.9,8.3,8.5
4/7/2014,8037,878,248.61,8796,17.6,17.3,17.5,NA,NA,8920,8.7,8.2,8.4
4/8/2014,1133,359,249.23,8561,17.9,17.2,17.4,NA,NA,8560,8.6,8.2,8.4
4/9/2014,1322,426,248.67,8244,18,17.2,17.6,NA,NA,8240,8.7,8.4,8.5
4/10/2014,709,1532,241.4,11815,19.2,17.7,18.1,NA,NA,11800,8.9,8.2,8.5
4/11/2014,461,478,246.4,11375,19.4,18.1,18.7,NA,NA,11400,8.9,8.2,8.5
4/12/2014,509,977,246.58,11731,20.7,19,19.5,NA,NA,11700,9.1,8.3,8.6
4/13/2014,368,288,247.17,13057,21,19.7,20.2,NA,NA,13100,9,8.4,8.6
4/14/2014,99,87,209.83,13020,20.8,20.1,20.5,NA,NA,13000,8.7,8.2,8.4
4/15/2014,276,487,248.56,12921,20.8,19.8,20.4,NA,NA,12900,8.4,7.9,8.1
4/16/2014,312,414,226.72,13696,19.8,17.7,18.5,NA,NA,13700,8.7,7.9,8.2
4/17/2014,153,1134,184.71,13946,18.6,16.9,17.6,NA,NA,13900,8.9,8.2,8.5
4/18/2014,206,338,60.56,15903,18.1,16.9,17.4,NA,NA,15600,8.8,8.5,8.6
4/19/2014,271,320,59.74,17830,16.9,16.3,16.6,NA,NA,17800,8.8,8.4,8.6
4/20/2014,91,1037,78.45,21414,16.7,15.8,16.2,NA,NA,21400,9.1,8.6,8.8
4/21/2014,52,799,83.14,21903,18.1,16.1,16.9,NA,NA,21900,9.4,8.8,9
4/22/2014,65,1076,151.15,22186,19.1,17.1,17.9,NA,NA,22200,9.4,8.8,9.1
4/23/2014,28,843,248.53,22221,19.7,18.1,18.8,NA,NA,22200,9.4,8.8,9.1
4/24/2014,48,447,247.38,22234,19.5,17.8,18.7,NA,NA,22200,9.4,8.5,9
4/25/2014,20,386,240.46,22213,20.6,18.5,19.4,NA,NA,22200,9.5,8.7,9.1
4/26/2014,22,489,247.04,22170,21.1,19.5,20.2,NA,NA,22200,9.6,8.8,9.2
4/27/2014,0,795,247.42,22147,22.1,19.9,20.8,NA,NA,22100,9.4,8.7,9.1
4/28/2014,12,1004,181.63,22138,22.5,20.8,21.5,NA,NA,22100,9.3,8.6,8.9
4/29/2014,0,753,182.06,22129,22.8,21.8,22.3,NA,NA,22100,9,8.4,8.7
4/30/2014,3,670,181.2,22139,22.6,22.2,22.4,NA,NA,22100,8.8,8.2,8.4
5/1/2014,0,819,181.51,22152,22.4,21.8,22.1,NA,NA,22200,8.6,7.9,8.2
5/2/2014,0,449,179.91,22201,22.1,21.2,21.5,NA,NA,22200,8.5,7.7,8.1
5/3/2014,0,216,177.63,20032,21.9,20.5,21.1,NA,NA,20000,8.7,8,8.3
5/4/2014,0,270,176.97,15948,22.7,20.9,21.7,NA,NA,15900,9.1,7.2,8.5
5/5/2014,0,408,246.73,11067,23.5,22.1,22.6,NA,NA,11100,9,7.4,8.5
5/6/2014,0,612,241.38,6012,23.5,23,23.2,NA,NA,6010,8.8,8,8.3
5/7/2014,38,1823,244.07,3420,24.7,23.1,23.9,NA,NA,3420,8.1,6.7,7.7
5/8/2014,0,2784,76.6,458,25.7,24,24.7,NA,NA,1370,7.9,4.9,6.5
5/9/2014,0,0,50,464,26.4,24.6,25.4,NA,NA,1390,7.6,4.9,6.2
5/10/2014,0,0,50,449,26.9,25.6,26.1,NA,NA,1350,7.3,4.1,5.5
5/11/2014,0,0,50,482,27.8,25.9,26.5,NA,NA,1450,7.1,3.8,5.3
5/12/2014,0,124,78.04,466,28,26.1,26.9,NA,NA,1400,7.3,3.6,5.4
5/13/2014,0,0,25,548,28.4,26.6,27.4,NA,NA,1640,7.6,4.1,5.7
5/14/2014,0,0,33.33,462,28.3,26.9,27.6,NA,NA,1380,7.2,4.3,5.7
5/15/2014,0,0,33.33,2937,27.7,27.2,27.5,NA,NA,1350,7,4.5,5.6
5/16/2014,0,0,33.33,1906,27.6,26.4,27.1,6960,-636,1910,7.2,5.4,6.2
5/17/2014,0,0,33.33,2706,27.1,24.8,26.3,20600,-923,2710,8,4.8,5.8
5/18/2014,0,0,33.33,5840,24.8,23.2,24.2,21300,-1120,5930,9,5.9,7.5
5/19/2014,0,0,33.33,0,23.8,22.8,23.2,20800,-4310,5990,9.2,6.9,8.4
5/20/2014,0,0,33.33,0,24.3,23.2,23.6,21700,-2250,6030,9.3,6.4,8.4
5/21/2014,0,0,0,0,24.8,23.8,24.2,20500,-1880,5620,9.1,6.9,8.4
5/22/2014,0,0,0,0,25.7,24.1,24.7,19900,-5340,6500,9.2,7.6,8.5
5/23/2014,0,0,0,0,27.4,25.3,26,20300,-308,5820,9.3,6.8,8.4
5/24/2014,0,0,0,0,27.7,26.8,27.1,20300,-2780,5890,9.2,6.8,8.4
5/25/2014,0,0,0,0,27.3,26.5,26.8,20400,-1780,5960,9.1,7.6,8.4
2/12/2015,0,464,32.9,49,11.5,10.2,10.6,384,-124,124,9.9,9.2,9.6
2/13/2015,0,259,32.66,3087,10.2,9.7,10,19900,-426,3030,11.2,9.8,10.7
2/14/2015,0,0,0,3087,10.1,9.1,9.6,291,-209,47,10.8,10.4,10.7
2/15/2015,0,0,0,143,9.9,8.7,9.3,405,-4,188,10.8,10.3,10.6
2/16/2015,0,0,0,0,9.1,8.5,8.8,332,-52,60,10.6,10.1,10.4
2/17/2015,0,14,21.06,2897,9.1,8.1,8.7,19700,-700,2810,11.4,10,10.5
2/18/2015,1,174,64.62,2739,8.1,7.2,7.7,19600,-1400,2780,12,11.1,11.8
2/19/2015,7,12,68.7,5007,7.4,6.3,7,18600,-798,4910,12.7,11.9,12.1
2/20/2015,0,5,69.58,9735,6.3,5.2,5.5,21300,-1270,9640,13,12.2,12.5
2/21/2015,0,9,72.27,6146,6.4,5.3,5.9,21400,-1110,6180,13.1,12.4,12.7
2/22/2015,33,0,64.62,4990,7.7,6.4,6.9,6760,262,4570,12.8,12.5,12.7
2/23/2015,1,0,70.38,6549,8.4,7.7,8.2,6440,4700,5940,12.8,12.6,12.7
2/24/2015,0,0,92.75,6757,8.2,7.3,7.8,13500,5270,6160,12.6,12.3,12.5
2/25/2015,2,1,102.04,6549,7.3,6.5,6.9,7190,5500,5950,12.5,12.2,12.3
2/26/2015,0,2,102.3,6581,6.6,6.4,6.5,6480,5630,5990,12.4,12.2,12.3
2/27/2015,0,0,103.06,9417,7,6.3,6.5,18900,4510,8940,12.6,12.2,12.5
2/28/2015,1,4,103.06,11648,7.6,6.9,7.1,20600,2320,11400,12.8,12.6,12.6
3/1/2015,11,0,103.06,14816,7.6,7.1,7.3,21000,2310,14800,12.6,12.3,12.5
3/2/2015,2,16,146.42,14755,8.8,7.2,7.7,21900,2310,14800,12.7,12.4,12.5
3/3/2015,0,0,220.32,14741,8.9,8.4,8.6,22000,5890,14800,12.6,12.3,12.4
3/4/2015,1,3,220.32,14742,9.8,8.2,8.8,21700,6010,14800,12.6,12.2,12.4
3/5/2015,1,0,236.89,15567,11,9.7,10.2,22200,12200,15700,12.6,12,12.2
3/6/2015,0,16,245.32,19461,10.9,9.2,9.7,22900,17200,19900,12.2,11.7,12
3/7/2015,2,7,245.32,16348,10.3,8.7,9.4,23300,2550,16500,12.3,11.8,12
3/8/2015,0,36,245.57,14803,11,9.6,10.2,22600,5170,14800,12.4,11.9,12.2
3/9/2015,20,43,245.32,11748,12.3,10.5,11,22100,2250,11600,12.3,12,12.2
3/10/2015,113,404,244.81,9493,13.8,11.8,12.4,22500,2990,9090,12.2,11.9,12.1
3/11/2015,1014,666,243.11,8207,15.2,13.6,14.1,16600,3290,7670,12.1,11.4,11.7
3/12/2015,2243,490,245.32,9824,15.3,14.2,14.9,21300,5210,9400,11.9,11.3,11.6
3/13/2015,2747,141,245.52,9674,14.2,12.5,13.1,21900,4030,9270,11.7,10.8,11
3/14/2015,6886,65,244.77,9226,13,12.2,12.5,21200,1800,8790,11.2,10.6,11
3/15/2015,0,0,49.97,9390,14.3,12.7,13.1,21000,3030,8940,11.5,10.7,11.1
3/16/2015,12146,1968,247.35,9393,15.3,14,14.4,21700,4650,8940,11.5,11,11.2
3/17/2015,9846,4023,251.26,7059,15.9,15.1,15.4,20500,4500,6500,11.3,10.5,10.9
3/18/2015,9089,5672,246.91,6595,16.1,15.4,15.8,6800,3840,6020,10.5,10.1,10.3
3/19/2015,2270,1795,248.91,6368,15.8,15,15.5,6610,4410,5780,10.2,9.8,10
3/20/2015,2197,305,220.92,8882,15,14.5,14.8,21500,-383,8390,10,9.6,9.8
3/21/2015,36296,1229,245.78,5981,15.6,14.7,15.2,6910,345,5470,10,9.2,9.8
3/22/2015,29270,5495,247.48,6296,15.8,15.3,15.6,6770,345,5790,9.8,9.3,9.6
3/23/2015,52483,1618,250.12,6797,15.4,14.8,15.2,6740,5150,6210,9.8,9.3,9.6
3/24/2015,19537,534,246.54,6611,15.1,14.6,14.8,9450,1250,6030,11,9.3,9.6
3/25/2015,22374,750,249.12,9282,15.7,14.6,15,21500,408,8790,9.8,9.4,9.6
3/26/2015,9854,969,248.09,9521,16.9,15.7,16.2,19900,4960,9060,9.7,9.1,9.4
3/27/2015,3360,533,239.87,9252,17,16.3,16.8,20100,5730,8780,9.5,8.8,9.1
3/28/2015,2469,1445,250.48,10979,16.3,15.5,15.8,21400,3620,10600,9.1,8.8,8.9
3/29/2015,4463,653,249.18,9559,15.7,14.3,15,21400,5690,9110,9.5,8.9,9.2
3/30/2015,1420,6577,249.72,5943,14.8,13.6,14.1,21800,-273,5820,9.6,8.4,9.2
3/31/2015,5005,3050,138.11,93,15.4,13.7,14.4,2720,-1420,207,8.5,6.4,7.6
4/1/2015,4012,6421,58.23,286,16.2,14.7,15.3,1080,71,298,6.8,5.1,5.9
4/2/2015,3356,4253,54.31,1826,16.5,15.2,15.7,6560,70,1690,8.8,3.5,5.1
4/3/2015,388,3813,49.67,3105,18.5,15.4,17.3,6460,-1290,2840,8.9,7.4,8.4
4/4/2015,265,1379,56.07,3359,19.6,17.9,18.7,5960,-15,3030,8.5,7,7.9
4/5/2015,357,3192,64.94,3380,18.8,17.9,18.3,5910,-102,3050,8.3,6.7,7.6
4/6/2015,302,6188,78.83,2527,18.8,17.8,18.2,6420,-275,2260,8.2,6.8,7.6
4/7/2015,214,5921,58.87,1714,19.5,17.7,18.3,5810,-280,1570,8.5,6.3,7.3
4/8/2015,232,4352,79.18,820,21.5,18.9,20,5450,-104,789,8.4,6.1,7
4/9/2015,66,802,59.39,2568,23.2,20.6,21.8,5770,-9,2330,8,6.9,7.6
4/10/2015,160,2090,41.82,3218,23.6,22.1,22.9,6200,57,2910,7.6,6.2,7.2
4/11/2015,83,2941,78.83,3301,23.7,22.8,23.2,6090,-101,2980,7.4,4.7,6.5
4/12/2015,17,203,78.83,6461,22.8,21.7,22.4,6390,5450,5830,7.2,6.8,7
4/13/2015,4,579,180.19,9051,21.7,21,21.3,20800,5550,8520,8.1,7.2,7.6
4/14/2015,11,889,208.33,8535,21.8,20.9,21.1,20900,4710,8020,8.1,7.7,7.9
4/15/2015,0,502,208.37,8135,21.8,20.9,21.5,15300,4940,7600,8.4,7.7,7.9
4/16/2015,0,424,223.95,9058,20.9,19.3,20.2,21000,4350,8560,8,7.6,7.7
4/17/2015,0,915,225.13,11933,19.8,19.1,19.3,21400,5540,11600,8.3,7.8,8
4/18/2015,0,103,258.95,11209,20.8,19.7,20.1,23500,2300,15000,8.3,7.7,8
4/19/2015,0,523,245.32,18779,20.7,20.2,20.4,23600,5630,19200,8.3,7.8,8
4/20/2015,0,195,245.57,21972,20.9,20,20.4,25100,21000,22700,8.6,7.9,8.2
4/21/2015,0,58,231.88,21956,21.8,20,20.7,25200,21300,22700,9,7.9,8.4
4/22/2015,0,86,220.32,21964,21.6,20.1,20.8,24200,21000,22700,8.8,8,8.4
4/23/2015,0,54,215.36,22006,21.4,20.1,20.8,24500,20900,22800,8.6,7.9,8.3
4/24/2015,0,20,245.06,21601,21,19.5,20.3,25100,20900,22700,8.6,7.9,8.3
4/25/2015,0,18,245.57,21690,20.6,19.7,20.1,24600,21100,22800,8.5,8,8.3
4/26/2015,0,22,245.32,21391,21.7,20.2,20.8,24300,21100,22500,8.4,7.9,8.2
4/27/2015,0,6,245.57,21309,21.4,20,20.7,24200,20700,22400,8.4,7.8,8.1
4/28/2015,0,14,228.58,21401,21,19.8,20.4,24500,20800,22500,8.5,7.9,8.2
4/29/2015,0,7,225.52,21448,20.9,19.7,20.1,24500,20700,22600,8.3,7.8,8
1/21/2016,0,25,,0,9.4,8.8,9,24300,20800,22500,10.8,10.7,10.8
2/17/2016,0,0,31.28,14646,9.8,9.1,9.4,16300,13700,14900,11.3,11.1,11.2
2/18/2016,0,0,164.59,14398,9.8,9.1,9.4,16200,13300,14700,11.3,11.2,11.2
2/19/2016,0,0,257.4,14951,10,8.9,9.4,16500,14100,15300,11.3,11.2,11.3
2/20/2016,0,0,49.97,14972,10.3,9.5,9.8,16800,13900,15300,11.3,11.2,11.2
2/21/2016,0,0,49.97,14807,10.8,10.1,10.4,16300,13900,15100,11.3,11.1,11.2
2/22/2016,0,21,246.92,14824,11.5,10.8,11,16100,13900,15100,11.2,11,11.1
2/23/2016,0,16,257.28,14763,11.8,11.1,11.4,16400,13800,15000,11.1,10.9,11
2/24/2016,0,44,254.38,14923,13.1,11.5,12.1,16100,14100,15200,11,10.3,10.7
2/25/2016,0,41,256.92,14929,13,11.3,11.9,16300,14000,14900,10.4,10.2,10.3
2/26/2016,0,36,257.23,14842,11.8,11.1,11.4,16400,13000,14800,10.5,10.2,10.3
2/27/2016,0,15,257.23,15132,11.8,11.1,11.4,16600,14100,15100,10.7,10.3,10.5
2/28/2016,0,3,264,15133,12.3,11.2,11.6,16100,14100,15100,10.8,10.6,10.6
2/29/2016,0,15,260.16,15068,12.7,11.5,12,16500,13200,15100,10.8,10.5,10.6
3/1/2016,0,0,199.37,14816,13.3,12.3,12.7,16500,13700,14800,10.7,10.5,10.6
3/2/2016,0,0,0,14348,13.7,13,13.3,15900,13200,14300,10.7,10.3,10.4
3/3/2016,0,1,51.28,14298,13.6,12.5,12.8,15600,13300,14300,10.6,10.3,10.4
3/4/2016,0,5,23.81,14155,12.7,12.1,12.4,15600,12200,14200,10.5,10.2,10.4
3/5/2016,0,0,0,13843,13.3,12.1,12.5,15700,6180,13800,10.6,10.2,10.4
3/6/2016,0,0,0,13776,13.3,12.6,12.9,15600,7660,13800,10.6,10.3,10.4
3/7/2016,50,107,108.95,13750,13.8,12.6,13,15900,6760,13700,10.6,10.2,10.4
3/8/2016,42,187,198.63,13063,14.7,13.2,13.7,15700,6200,13100,10.7,10.2,10.5
3/9/2016,16,93,197.6,12928,15.4,13.9,14.5,16000,3590,12900,10.8,10.2,10.5
3/10/2016,47,85,97.39,12634,16.3,14.5,15.2,16100,3310,12600,10.8,10.2,10.5
3/11/2016,0,0,0,14030,17.3,15.9,16.4,15500,11000,14000,10.7,9.9,10.3
3/12/2016,0,0,0,14240,18.3,16.5,17.1,15500,11100,14200,11,10.1,10.5
3/13/2016,0,0,0,12541,18.4,17.6,18,15600,6430,12500,10.8,9.9,10.2
3/14/2016,0,0,0,6985,19.1,18.4,18.7,7750,5560,6980,10.2,9.5,9.7
3/15/2016,0,0,0,10119,20.7,19,19.7,14600,4310,10200,9.9,9,9.5
3/16/2016,0,0,0,13708,20.8,20.1,20.4,15200,6990,13700,9.3,8.7,9
3/17/2016,0,0,0,14155,20.8,20,20.3,19200,10800,14200,9.1,8.4,8.8
3/18/2016,0,0,0,14443,20.4,19.5,19.9,22700,9250,14400,9,8.6,8.8
3/19/2016,0,0,0,14294,20.1,19.3,19.6,16000,11600,14300,9,8.5,8.8
3/20/2016,0,0,0,14116,19.8,17.8,18.8,18000,13200,14100,9,8.6,8.8
3/21/2016,0,0,0,16923,17.8,16.7,17.1,23100,10800,16900,9.2,8.6,8.8
3/22/2016,0,0,0,16747,17.3,15.8,16.4,24000,3530,16800,9.2,8.3,8.9
3/23/2016,0,0,0,11999,17.1,15.9,16.3,23800,2960,11900,9.2,8.8,9
3/24/2016,0,0,0,8152,18.9,16.4,17.6,21500,3450,8150,9.9,9,9.3
3/25/2016,0,0,0,8770,18.9,18.4,18.7,21600,3340,8770,9.6,8.7,9.1
3/26/2016,0,0,0,8975,18.8,18.6,18.7,21300,5050,8980,9.3,8.7,8.9
3/27/2016,0,0,0,5996,18.8,18.6,18.6,7110,5170,5990,9,8.4,8.7
3/28/2016,0,0,0,5647,19.6,18.7,19.1,6430,4450,5650,8.7,8.5,8.6
3/29/2016,0,0,0,6876,20.1,19,19.7,20800,-658,6850,9.2,8.5,8.7
3/30/2016,0,0,0,6273,19.7,18.5,19.1,20200,-2860,6270,9.2,7.6,8.6
3/31/2016,0,0,0,6190,19.9,18.4,19,19700,-1400,6190,9.3,7.7,8.6
4/1/2016,0,0,0,9394,20.2,19.7,19.9,22100,-3910,9400,9.2,7.1,8.5
4/2/2016,0,0,0,10612,19.8,19.3,19.7,22800,-4270,10600,9.3,7.6,8.7
4/3/2016,0,0,0,11007,19.3,18.1,18.7,22400,-4920,11000,9.5,8.3,8.9
4/4/2016,0,0,0,7959,19.7,18.4,18.7,22800,-5070,7950,9.4,6.8,8.7
4/5/2016,0,0,0,7737,19.6,18.8,19.3,21600,-3820,7740,9.4,7.1,8.6
4/6/2016,0,0,0,8282,18.8,17.7,18.1,21900,-4900,8290,9.5,7.7,8.9
4/7/2016,1843,900,206.07,6336,18.4,18,18.2,20500,-232,6360,9.4,9,9.2
4/8/2016,172,1194,225.52,6330,19,18.2,18.6,18300,5410,6330,9.1,8.9,9
4/9/2016,103,1736,240.1,6010,18.6,17.5,18.3,6680,5460,6010,9.2,8.9,9.1
4/10/2016,349,1233,231.29,6057,17.5,16.5,17.1,6620,5470,6060,9.6,9.1,9.4
4/11/2016,140,696,224.37,6086,17.4,16.4,17,6620,5610,6080,9.6,9.4,9.5
4/12/2016,79,843,226.2,6068,17.9,17.2,17.7,6710,5710,6070,9.6,9.2,9.4
4/13/2016,30,1101,230.5,6052,18.1,17.7,17.9,6530,5600,6050,9.4,9.2,9.3
4/14/2016,55,241,224.16,6318,18.4,17.5,18,7390,5620,6320,9.5,9.2,9.3
4/15/2016,127,485,128.98,3259,17.7,17.4,17.5,6580,-447,3260,9.3,7.6,8.9
4/16/2016,30,804,53.92,3105,18.4,16.7,17.1,6370,-485,3100,9.3,7.7,8.7
4/17/2016,0,0,37.5,3141,18.5,16.6,17.1,6290,-469,3140,9.5,8,8.9
4/18/2016,26,6173,54.03,2810,18.8,17,17.4,6200,-416,2780,9.6,7.8,8.9
4/19/2016,99,5044,55.32,1627,20,17.6,18.6,6140,-260,1630,9.6,7.9,9
4/20/2016,16,3311,55.05,1636,20.2,19,19.6,5970,-551,1640,9.2,7.4,8.4
4/21/2016,5,3378,40.71,1489,21.8,19.8,20.8,5960,-414,1490,9,7.3,8.2
4/22/2016,0,2456,52.14,1552,21.9,20.9,21.4,5980,-270,1550,8.6,6.6,7.6
4/23/2016,2,2983,55,1509,23,21.6,22.2,5940,-393,1510,8.6,6,7.6
4/24/2016,0,3302,54.73,1647,23.2,21.6,22.1,6000,-354,1650,8.2,5.7,7.2
4/25/2016,47,1294,55.05,1844,23,21.3,22.2,16500,-149,1840,8.4,6.6,7.6
4/26/2016,3,1144,55.05,1576,24.2,22.3,23.1,5880,-629,1580,8.5,6.2,7.4
4/27/2016,0,601,55.03,1541,25,23.3,24,5920,-278,1540,8.2,6.7,7.5
4/28/2016,0,882,54.34,1526,25.5,23.8,24.6,5980,-294,1530,8,6.3,7.1
4/29/2016,0,271,53.99,1617,26.1,24.2,24.8,5920,-348,1620,7.8,5.2,6.7
4/30/2016,4,115,52.99,1589,25.9,24.8,25.3,5910,-367,1590,7.5,6,6.8
5/1/2016,0,0,37.5,1617,25.9,25,25.4,5940,-312,1620,7.5,5.8,6.5
5/2/2016,0,358,51.41,1528,26.6,25.3,25.9,5950,-510,1530,7.2,5.5,6.4
5/3/2016,0,27,39.37,13768,26,25.5,25.8,22700,-45,13800,8.6,5.7,7.4
5/4/2016,0,12,18.94,13746,25.7,24.8,25.2,22000,2480,13700,8.8,7.9,8.3
5/5/2016,0,75,117.54,14384,24.9,22.8,23.9,22900,4380,14400,8.8,8.1,8.5
5/6/2016,0,20,221.91,14290,22.8,21.3,22,23000,3970,14300,8.9,8.3,8.6
5/7/2016,0,0,221.56,11954,21.8,20.6,21.2,22500,5750,12000,9.1,8.4,8.6
5/8/2016,0,0,49.97,9686,22.8,21.7,22,22300,5520,9690,9.2,8.6,8.9
5/9/2016,0,2,113.72,9492,24.1,22.8,23.2,21200,-2920,9460,9.5,8.5,9
2/13/2017,0,44,41.69,1035,15,13.9,14.3,6390,-138,1020,10.5,9.6,10.2
2/14/2017,0,1367,77.41,1848,14.8,13.7,14.2,19900,-401,1820,10.4,9.4,10
2/15/2017,0,200,52.73,837,14.8,14.1,14.4,5670,-1030,818,10,8.9,9.6
2/16/2017,1,580,53.04,841,14.5,13.5,14,5760,-533,822,10,9.1,9.7
2/17/2017,0,93,34.26,738,14.8,13.5,14.1,5810,-1730,721,10.3,9,9.7
2/18/2017,0,0,0,95,14.6,13.8,14.2,300,-35,86,9.7,8.5,9.2
2/19/2017,0,0,0,140,15.9,13.8,14.8,484,-35,130,9.2,8,8.7
2/20/2017,0,68,30.6,742,16,14.5,15.3,5650,-2490,725,10.4,6.9,9.2
2/21/2017,0,530,53.32,723,15.5,14.9,15.3,5430,-2400,706,9.7,7.9,9.2
2/22/2017,0,1,51.59,637,16,14.9,15.5,5650,-3660,622,9.8,8,9.1
2/23/2017,0,0,25,706,16.3,15.3,15.8,5620,-1210,690,9.6,7.4,9
2/24/2017,0,0,0,594,16.8,15.6,16.2,5410,-3960,578,9.4,6.8,8.8
2/25/2017,0,0,0,591,17.3,16.1,16.6,5890,-1330,576,9.1,6.4,8.4
2/26/2017,0,0,0,662,17.6,15.9,16.9,5640,-1930,645,9,6,8.2
2/27/2017,0,0,14.58,592,17.5,16.3,17,5440,-1460,577,9,6.3,8.3
2/28/2017,2,4125,52.79,673,18.3,17.1,17.7,5610,-2430,657,8.7,5.9,7.9
3/1/2017,183,4367,55.21,733,19.3,18,18.6,5590,-462,715,8.6,3.7,7
3/2/2017,101,881,54.11,961,19.1,18.3,18.8,7040,-82,942,8.4,5.4,7.8
3/3/2017,121,304,50.28,903,18.6,17.6,18.2,5830,-822,883,9.1,6.4,7.9
3/4/2017,45,404,55.21,1304,18.6,17.1,17.8,17300,-882,1280,9.2,6.2,7.7
3/5/2017,6,389,41.97,765,18.1,16.8,17.4,5710,-2100,749,8.2,5,7.7
3/6/2017,1906,1699,38.14,135,17.1,16.3,16.7,1160,-1780,128,10.1,6.6,7.9
3/7/2017,164,20,28.23,730,17.4,16.4,16.9,5490,-1960,713,9.7,3.3,8
3/8/2017,143,46,27.76,839,18,16.8,17.3,5710,-2420,732,10.4,3.8,8.3
3/9/2017,67658,4857,39.3,757,18.3,16.6,17.3,5680,-1820,739,11.1,4.2,8.7
3/10/2017,686,571,28.71,681,18.1,17,17.4,5470,-1190,664,10.2,4.8,8.6
3/11/2017,100,360,44.41,772,17.9,16.6,17.1,5840,-1470,753,10.2,4.8,8.3
3/12/2017,122,16,41.55,793,17,15.5,16.3,5500,-361,776,8.9,5.6,8.1
3/13/2017,4,109,29.54,867,15.6,14.9,15.3,5710,-745,849,10,7.2,8.6
3/14/2017,6,247,52.5,796,15.5,14.4,15.1,5820,-627,780,11.4,7.1,9.1
3/15/2017,0,64,42.55,1092,15.1,14,14.5,12000,-716,1070,11.3,6.7,9
3/16/2017,1279,167,52.86,796,14.4,13.2,13.8,5610,-877,779,12.2,8,9.5
3/17/2017,243,1950,53.23,861,14,12.7,13.4,6520,-595,843,13.6,7.4,9.8
3/18/2017,75,68,52.9,1470,13.5,12.6,13,5950,-986,1440,11.7,8.2,9.6
3/19/2017,4,125,52.84,1667,14,11.8,12.7,5920,-736,1640,13.4,9,10.4
3/20/2017,1441,636,53.39,1636,14.2,12.4,13.3,16200,-1570,1610,14.9,9,10.7
3/21/2017,1287,953,52.49,1308,15.3,13.2,14,5790,-1690,1290,15.9,8.6,10.6
3/22/2017,7727,322,50.74,1962,16.2,14.6,15.3,18400,-985,1930,14.1,7,10
3/23/2017,2954,804,52.97,1466,16.5,15.3,15.8,5980,-714,1440,13.9,8.6,10.1
3/24/2017,205,187,52.85,848,16.7,15.6,16.1,5870,-644,826,13.1,8,9.8
3/25/2017,268,331,52.04,1394,16.9,16.1,16.4,5640,-1520,1370,14.7,7.2,9.9
3/26/2017,330,695,54.19,1354,17.7,16.1,16.8,5660,-1220,1330,15.1,7.8,9.5
3/27/2017,976,860,52.86,1321,19,17.2,18,5820,-941,1300,15.6,7.1,9.3
3/28/2017,998,1689,43.27,1345,19.9,18.4,19.1,5410,-877,1320,11.6,7,8.6
3/29/2017,9440,2065,43.19,1459,21.1,19.3,20,5880,-1160,1430,13.4,6.6,9
3/30/2017,38,2764,53.58,2323,20.7,19.9,20.2,18800,-372,2290,10.4,7,8.5
3/31/2017,37,2412,52.86,1366,21.4,20.2,20.8,5970,-343,1340,12,6.7,8.6
4/1/2017,35,742,52.85,899,22.2,20.5,21.3,6000,-419,879,14.3,5.5,8.7
4/2/2017,57,983,52.86,906,22.3,20.8,21.6,5800,-851,886,12,5.3,8.1
4/3/2017,52,630,52.49,961,21.6,20.8,21.2,5820,-367,942,9.7,5.3,7.5
4/4/2017,0,1445,53.21,2356,22.5,20.8,21.5,6410,-559,2350,11.6,5.7,8.2
4/5/2017,2,92,52.48,4598,22,21.3,21.6,6860,-235,4530,9.5,7.1,8.1
4/6/2017,84,15,56.46,6724,21.3,20.1,21,18900,193,6690,8.5,7.8,8.3
4/7/2017,0,98,120.55,7702,20.1,17.5,18.4,21100,5210,7670,8.7,8.3,8.5
4/8/2017,31,187,219.86,9297,17.5,17.1,17.4,21600,5530,9260,9.1,8.6,8.9
4/9/2017,0,34,219.79,10307,19.2,17.5,18.2,21800,5500,10300,9.6,9,9.3
4/10/2017,15,80,219.82,10612,19.4,18.6,19,23100,3400,10600,9.4,9,9.3
4/11/2017,44,89,217.93,10246,21.3,19.4,20.3,21600,4710,10200,9.5,9.2,9.3
4/12/2017,17,624,221.3,11518,21.4,20.6,21,22300,5080,11500,9.5,9,9.2
4/13/2017,9,122,219.83,11335,21.9,21,21.3,22300,5110,11300,9.5,8.9,9.1
4/14/2017,7,231,220.52,9344,22.1,21.6,21.8,23100,3550,9320,9.3,8.9,9.1
4/15/2017,0,21,219.17,8284,22.7,21.8,22.2,21800,-3720,8230,9.1,8.2,8.9
4/16/2017,2,262,219.48,7609,23,22.5,22.8,21500,616,7600,8.9,8.3,8.6
4/17/2017,1,559,219.81,8132,23.4,22.8,23,21200,5480,8100,8.6,8.2,8.5
4/18/2017,0,198,219.82,7814,23.6,23.1,23.4,21400,4500,7770,8.4,7.9,8.2
4/19/2017,0,111,219.45,6213,23.3,22.9,23.2,6680,5630,6170,8.3,7.6,8
4/20/2017,0,161,136.1,5564,24.2,22.9,23.5,18800,-357,5520,8.2,7.5,7.8
4/21/2017,0,64,52.47,3521,25.5,23.5,24.5,6460,-388,3480,7.9,6.9,7.5
4/22/2017,1,1115,53.92,3015,25.9,24.6,25.2,6170,-827,2980,7.7,6.7,7.3
4/23/2017,0,36,52.45,3119,25.8,25.1,25.4,6130,-383,3080,7.5,5.8,7
4/24/2017,0,105,52.49,12321,25.2,22.9,24.2,22000,5550,12300,7.8,6.9,7.3
4/25/2017,0,230,104.71,21389,22.9,22,22.4,23800,17000,21400,8.4,7.5,7.9
4/26/2017,0,259,219.81,22733,24.4,22.3,23.1,24800,18500,22800,8.7,7.8,8.2
4/27/2017,0,173,219.8,23041,24,22.7,23.3,24600,22200,23100,8.9,7.9,8.4
4/28/2017,0,302,219.49,23271,25.3,23.3,24.1,25200,21800,23300,9,8.1,8.6
4/29/2017,0,136,219.78,23242,26,24.3,25,24900,21700,23300,9.1,8.2,8.6
4/30/2017,0,48,219.44,23463,26.1,24.8,25.4,25200,22100,23500,8.9,8.2,8.5
2/21/2018,0,1414,123.32,11461,16.3,15.5,15.8,22700,-3910,11500,11.5,10,11.1
2/22/2018,1955,9736,227.61,9094,17.3,16.1,16.4,20400,4400,9100,11.3,10.5,10.8
2/23/2018,19726,3494,227.34,7705,17.2,16.7,16.8,20700,5170,7700,11.3,10.5,10.8
2/24/2018,8080,3892,220.06,5969,18,16.9,17.5,7660,2290,5970,10.9,10.2,10.7
2/25/2018,12276,1647,220.06,5846,18.8,17.8,18.4,6850,2830,5850,10.7,9.5,10.2
2/26/2018,0,0,54.51,5289,18.9,18.5,18.8,6730,745,5290,10,9.2,9.7
2/27/2018,5314,5711,165.3,5413,18.5,17.1,18,6870,-654,5410,9.8,9.4,9.6
2/28/2018,2737,1599,220.32,5180,17.1,16.1,16.7,7170,-207,5180,9.9,9.4,9.7
3/1/2018,2205,4727,220.32,5956,16.6,16,16.3,7230,1750,5960,9.5,8.7,9.3
3/2/2018,18459,16481,220.57,6215,17.2,16.3,16.9,7710,4080,6220,9.6,8.7,9.2
3/3/2018,17195,2831,219.81,6061,16.3,14.6,15.8,7890,2830,6040,10,9.5,9.8
3/4/2018,0,0,36.46,6025,14.6,13.7,14.2,7050,3290,6030,10.4,10,10.3
3/5/2018,244,752,220.06,5888,14.1,13.6,13.9,16900,1670,5870,10.7,10.3,10.5
3/6/2018,371,5394,220.32,4751,14.2,13.9,14.1,7310,-144,4760,10.7,9.9,10.4
3/7/2018,2549,21567,205.8,3604,14.7,14.1,14.3,8260,-3000,3610,10.5,8.8,10.1
3/8/2018,1383,8260,195.57,4589,14.4,13.5,14.1,6850,-621,4600,10.4,9.3,10.1
3/9/2018,380,2161,140.92,3439,13.5,12.9,13.3,6470,-1350,3410,10.7,9,10.1
3/10/2018,21,45,53.32,3160,13.3,12.5,12.9,6580,-548,3160,10.7,8,9.7
3/11/2018,21,20,51.75,2788,14,12.7,13.3,7830,-2100,2670,10.8,7.8,9.7
3/12/2018,4035,746,52.81,2964,14,13.3,13.7,18600,-1250,3550,10.1,7,9.5
3/13/2018,7419,1794,49,4987,13.5,12.5,13,18600,-1990,4440,10.1,8.3,9.6
3/14/2018,983,142,53.32,2979,13,11.9,12.5,6710,-1440,2960,10.7,7.2,9.7
3/15/2018,2252,725,53.32,4776,12.9,12.1,12.4,18200,109,4780,10.7,6.8,10
3/16/2018,3258,616,53.57,4390,13.4,11.8,12.5,6290,-363,4440,10.9,8.8,10.4
3/17/2018,8305,1415,53.57,4441,13.7,12.4,13.1,6290,61,4500,10.5,8.5,10.2
3/18/2018,18487,4676,43.5,4610,14.8,13.5,14.2,6320,15,4550,10.3,8.1,9.9
3/19/2018,426,47,20.13,4026,14.9,14.3,14.5,18600,-4340,3960,10.2,5.3,9.5
3/20/2018,0,0,0,3445,16.1,14.7,15.2,20400,-4060,3460,10.3,2.2,9.1
3/21/2018,0,0,0,8189,16.1,14,15.3,21700,-5280,8110,10.4,3.5,9.4
3/22/2018,0,0,0,11557,14,12.5,13.1,22200,-2310,11600,10.6,9.2,10.1
3/23/2018,0,0,0,11064,14.2,12.9,13.3,21900,-1630,11100,10.9,9.5,10.5
3/24/2018,0,0,0,8891,14.1,13.7,13.9,21200,-4290,8840,10.9,8.9,10.3
3/25/2018,0,0,0,8680,14.1,13.4,13.8,21000,-5650,8670,11.3,8.6,10.5
3/26/2018,0,0,0,11099,13.5,12.5,12.9,21800,-834,11200,11.2,9.8,10.7
3/27/2018,0,0,0,8132,13.1,12.7,12.9,22400,-3350,8130,11.1,9.7,10.7
3/28/2018,0,0,0,8184,14.4,12.7,13.2,21100,-4620,8170,11.2,9.2,10.7
3/29/2018,0,0,0,8300,15.9,14.3,14.9,21500,-2350,8310,11.2,8.7,10.8
3/30/2018,0,0,0,5702,16.3,15.9,16,20300,-2250,5670,11,5.1,9.9
3/31/2018,0,0,0,5649,16,15.1,15.6,19900,-1640,5670,10.5,8,9.8
4/1/2018,0,0,0,5285,16.9,14.9,15.7,20100,-1380,5300,10.8,8.2,10.3
4/2/2018,0,0,0,2989,18,16.1,16.9,19400,-622,2980,10.6,6.6,9.8
4/3/2018,0,0,0,3147,19.8,17.8,18.5,20400,-1530,3150,10.3,6.1,9.1
4/4/2018,0,0,0,2980,20.3,19.4,19.7,20400,-2270,2970,10,4,8.2
4/5/2018,0,0,0,2950,20.3,19.1,19.7,19800,-1270,2950,9.6,5.2,8.3
4/6/2018,0,140,50.26,2955,19.3,18.4,18.8,19800,-1420,2950,10,7.6,9.3
4/7/2018,0,10,50.26,3080,19,18.2,18.5,6340,-247,3090,9.5,7.2,8.9
4/8/2018,0,0,50.26,3082,18.6,17.7,18.2,6510,-113,3070,9.4,6.7,8.8
4/9/2018,1,41,52.81,4310,18,16.6,17,19600,-1330,4310,9.9,7.8,9.3
4/10/2018,469,32955,53.57,254,16.7,16.3,16.5,470,-87,250,9,6.8,8.1
4/11/2018,146,31032,53.57,216,18.9,15.7,16.8,418,84,216,6.8,4,5.3
4/12/2018,1051,12225,54.34,3869,17.6,16.3,16.8,18000,-181,3880,10.1,3.9,8.3
4/13/2018,102,38347,55.1,413,18.6,16.7,17.7,14500,-226,408,9.1,6.7,8.2
4/14/2018,33,31524,54.34,229,20,17.8,18.9,466,60,234,8,4.8,7.2
4/15/2018,237,29006,53.57,3781,21.2,19.5,20.1,19900,-777,3780,9.8,3.8,6.3
4/16/2018,2,6084,53.57,2690,20.9,19.2,20.3,19700,-515,2690,9.2,7.7,8.8
4/17/2018,3,1080,53.83,4959,19.2,17.1,18,19700,-689,5220,9.7,8.5,9.2
4/18/2018,2,75,53.57,8689,19,16.9,17.8,20000,4560,8720,10.3,9.6,9.9
4/19/2018,3,541,123.41,8500,19.5,18.6,19,21300,139,8220,10.2,9.8,10
4/20/2018,14,1119,240.57,7073,19.2,17.4,18.3,20000,-383,7070,10.1,9.5,9.9
4/21/2018,2,863,240.57,8656,18.2,17.2,17.7,21200,-358,8660,10.3,9.6,10.1
4/22/2018,11,1606,240.57,12312,18.6,18,18.3,22900,531,13300,10.5,9.8,10.2
4/23/2018,0,515,240.32,16411,18.2,17.6,17.8,22100,-5150,15600,10.4,9.8,10.1
4/24/2018,0,361,239.04,15820,20.2,17.7,18.5,22500,496,16600,10.5,9.5,10.1
4/25/2018,0,1764,237.84,21697,20.8,19.2,19.9,24500,19300,21800,10.5,9.8,10.1
4/26/2018,0,673,240.57,22818,NA,NA,NA,24500,21200,22900,NA,NA,NA
4/27/2018,1,495,240.57,22693,21.5,20.3,20.9,24500,21200,22700,10.6,9.9,10.3
4/28/2018,3,235,240.57,22723,21.8,19.8,20.7,24500,21300,22700,10.6,9.9,10.3
4/29/2018,1,426,240.83,22579,21.5,20.1,20.6,24200,20400,22600,10.4,9.9,10.2
4/30/2018,4,783,240.57,22572,20.7,19,19.8,24400,12100,22600,10.3,9.7,10
5/1/2018,0,271,239.04,22696,21.7,19.5,20.4,24600,21100,22700,10.4,9.6,10
5/2/2018,0,151,238.79,22517,22.6,20.4,21.3,24900,19100,22500,10.4,9.7,10
5/3/2018,0,190,238.79,22478,22.9,21,21.8,24600,20700,22400,10.4,9.6,10
5/4/2018,3,738,238.79,19747,23.3,21.5,22.3,25500,-4070,18800,10.3,9.2,9.8
5/5/2018,0,137,238.28,17160,23.7,22.1,22.8,24400,-6800,17100,10.2,9.1,9.7
5/6/2018,0,0,234.29,13936,24.5,23.4,23.9,23900,-3720,13800,10.1,8.8,9.5
5/7/2018,0,1550,236.29,11060,24.5,23.8,24.1,23000,-2850,11100,9.8,8,9.3
5/8/2018,0,1260,229.15,7782,24.2,23.5,23.8,22000,-4550,7790,9.6,7.4,9
5/9/2018,0,6356,244.3,7426,24,23.4,23.7,21400,-4910,7430,9.8,7.7,9
5/10/2018,0,12109,244.55,8240,24.9,23.7,24.2,21100,-5120,8240,9.8,6.6,8.9
5/11/2018,0,3424,226.44,8635,25.6,24.6,25,21800,-128,8610,9.6,7,8.9
5/12/2018,0,874,244.3,7445,26.8,25.3,26,21200,-1720,7850,9.6,7.8,8.9
5/13/2018,0,824,230.38,7192,27.3,26.4,26.8,21400,-3570,7200,9.4,6.8,8.5
5/14/2018,0,307,214.95,8132,27.4,26.7,27,21100,-3530,8130,9.3,5.8,8.2
5/15/2018,0,109,101.19,5422,27.5,26.9,27.1,20200,-1130,5410,9.2,5.2,8
2/4/2019,0,63,34.6,629,10.8,9.7,10.2,23900,20600,22200,11,10.9,11
2/5/2019,0,74,144.4,632,11.7,10.4,10.9,23500,21100,22300,11,10.8,10.9
2/6/2019,0,20,221.54,616,12.9,11.3,11.9,24300,19200,21800,11.3,10.9,11.1
2/7/2019,0,79,218.53,599,14.1,12.4,12.9,22900,3500,21100,11.5,11.1,11.2
2/8/2019,0,701,219.04,436,14.7,13.6,14,22800,-3010,15400,11.5,10.5,11.1
2/9/2019,0,0,37.5,412,14.5,12.2,13.3,21700,-551,14700,11.3,10.8,11
2/10/2019,0,0,37.5,456,12.2,11.2,11.6,22700,-5320,16000,11.2,10.5,11
2/11/2019,0,27,220.32,438,11.3,11.1,11.2,22700,-1420,15500,11,10.3,10.8
2/12/2019,0,165,220.32,449,12.8,11.3,11.8,24000,-230,15900,11,10.3,10.7
2/13/2019,1,351,220.32,419,12.7,12.3,12.6,22900,-997,14900,11,9.6,10.6
2/14/2019,1,74,220.32,457,12.5,11.6,12.1,24400,-6470,16000,11.1,10.2,10.8
2/15/2019,110,242,220.57,429,13,12.3,12.6,23400,-5640,15200,11.1,10.3,10.8
2/16/2019,118,145,220.32,443,13.4,12.9,13.1,23600,-789,15700,10.9,10,10.6
2/17/2019,23,237,220.06,457,13.2,12.5,12.7,23400,-6800,16100,10.8,10.1,10.6
2/18/2019,20,196,220.32,468,13.5,12.6,12.9,24400,-6000,16500,10.8,9.4,10.5
2/19/2019,202,582,220.32,471,13.4,11.8,12.6,23600,9,16700,10.7,10,10.5
2/20/2019,12,8,217.51,634,11.8,11.3,11.4,23900,20700,22400,10.8,10.6,10.7
2/21/2019,14,24,219.81,649,13.4,11.4,12,24700,18800,22900,10.9,10.5,10.7
2/22/2019,0,87,220.06,649,13.5,13.3,13.4,24900,21100,22900,10.8,10.5,10.6
2/23/2019,0,53,220.57,646,13.3,12.5,12.8,24700,21300,22800,10.7,10.4,10.5
2/24/2019,2,11,220.32,643,13.3,12.4,12.7,25800,17900,22700,10.6,10.4,10.5
2/25/2019,0,1,224.23,617,13.2,12,12.6,23700,18200,21800,10.9,10.4,10.6
2/26/2019,2,7,220.32,628,13,12.2,12.6,23900,17200,22200,10.9,10.5,10.7
2/27/2019,0,25,220.32,628,13.5,12.5,13,24300,16400,22200,11,10.6,10.7
2/28/2019,0,11,220.32,613,14.2,13,13.5,24000,13800,21700,11.1,10.5,10.7
3/1/2019,1,25,220.32,635,14.4,13.7,14,23900,21000,22400,11,10.4,10.7
3/2/2019,0,8,220.06,629,15,13.9,14.3,23900,19400,22200,11,10.4,10.7
3/3/2019,0,112,220.32,637,15.8,14.8,15.1,24200,20400,22500,11.1,10.6,10.8
3/4/2019,0,1931,220.57,610,15.7,14.6,15.3,23600,13800,21600,10.8,9.8,10.2
3/5/2019,0,153,220.32,598,14.6,13.1,13.8,23400,8390,21100,10.4,10,10.2
3/6/2019,0,10,220.57,604,13.1,12,12.6,23700,13500,21300,10.7,10.2,10.4
3/7/2019,0,24,220.06,603,13.6,12.2,12.8,23100,13900,21300,10.6,10.2,10.4
3/8/2019,0,61,220.32,591,13.7,12.9,13.3,23900,7740,20900,10.5,10.1,10.3
3/9/2019,0,553,236.36,613,14,13.2,13.6,23600,16200,21700,10.6,10,10.3
3/10/2019,0,3979,245.83,629,15.2,13.6,14.2,24200,19300,22200,10.7,10.1,10.3
3/11/2019,2,2488,245.32,627,15.1,14.6,14.8,24600,20100,22200,10.6,10.2,10.4
3/12/2019,8,819,234.27,617,15,14,14.5,23800,19800,21800,10.5,10,10.3
3/13/2019,6,342,220.57,624,15,13.9,14.4,24200,20400,22000,10.6,10,10.2
3/14/2019,0,254,220.57,615,16,14.4,15,23100,20100,21700,10.5,10.1,10.3
3/15/2019,502,5522,220.32,619,16.7,15.5,16,23100,19900,21800,10.5,10,10.2
3/16/2019,1644,1641,225.83,603,16.6,15.6,16,23800,17000,21300,10.3,9.7,10
3/17/2019,9,356,224.59,601,15.6,14.9,15.2,22900,17000,21200,10.2,9.7,10
3/18/2019,4,636,220.57,596,16.1,14.6,15.2,23400,12600,21100,10.1,9.6,9.8
3/19/2019,0,633,220.83,589,15.9,14.3,14.7,24300,14100,20800,10.2,9.6,9.9
3/20/2019,233,668,123.15,572,14.5,13.5,13.8,22200,14600,20200,10.1,9.8,10
3/21/2019,1384,382,53.57,570,14.8,13.3,13.9,23200,11800,20100,10.3,9.9,10.1
3/22/2019,11,512,59.33,532,14.9,13.8,14.3,21900,12300,18800,10.4,9.9,10.1
3/23/2019,74,440,103.7,567,15.2,13.9,14.5,23400,12000,20000,10.3,9.9,10.1
3/24/2019,523,539,220.57,587,16.5,14.4,15.2,23500,15400,20700,10.6,9.8,10.2
3/25/2019,4733,664,220.83,584,17,15.3,16,22600,-6810,20300,10.6,9.9,10.2
3/26/2019,6146,873,221.08,491,16.9,15.7,16.2,22400,-6810,17700,10.4,8.9,9.9
3/27/2019,1748,12452,208.58,383,15.7,14.4,14.7,22500,-2580,13600,10.2,8.7,9.7
3/28/2019,3008,1884,213.67,391,15.1,14,14.4,23100,-6740,12900,10.3,8.6,9.9
3/29/2019,18762,326,126.08,319,16.9,15.1,15.6,22400,-6030,11300,10.4,8.4,9.8
3/30/2019,0,0,0,318,17.4,16.3,16.7,22200,-3880,11200,10.4,9.2,9.9
3/31/2019,0,0,0,318,17.4,17,17.2,23000,-5950,11300,10,8.7,9.5
4/1/2019,0,0,0,314,17.1,15.6,16.2,22300,-2250,11100,10.1,8.3,9.6
4/2/2019,0,0,0,248,15.9,14.2,15.1,21700,-6380,8710,10.1,8.4,9.6
4/3/2019,0,0,0,314,15.5,13.7,14.2,21800,-3590,11000,10.4,9.1,9.9
4/4/2019,0,0,0,246,16,15.3,15.6,21600,-3060,8700,10.2,8.6,9.6
4/5/2019,0,0,0,317,17.4,15.8,16.6,21300,-541,11200,10.2,8.2,9.7
4/6/2019,0,0,0,238,17.7,17.2,17.5,22100,-4790,8410,10,8.4,9.4
4/7/2019,0,0,0,237,18.3,17.7,17.9,21200,-5390,8350,10,7.4,9.2
4/8/2019,0,0,0,289,19.8,18.3,18.8,21200,-1800,11200,10,7.1,9.3
4/9/2019,0,0,0,364,20,19.2,19.4,22900,-253,12900,9.8,7.4,9
4/10/2019,0,0,0,576,20.8,19.6,20.1,22200,17400,20400,9.7,9.2,9.4
4/11/2019,0,0,0,578,20.3,19.2,19.7,23000,18300,20400,9.6,9.1,9.3
4/12/2019,0,0,0,597,20.5,19.4,19.9,23900,19300,21100,9.5,9.1,9.2
4/13/2019,0,0,2.62,590,21.5,19.9,20.5,23600,18600,20900,9.5,9,9.2
4/14/2019,276,1439,52.55,599,21.5,20.7,21,23200,19100,21100,9.3,8.8,9.1
4/15/2019,118,2615,119.71,604,21.4,20.4,20.9,24200,19100,21500,9.1,8.4,8.7
4/16/2019,18,1916,220.57,646,21.2,19.7,20.4,24200,21200,22800,9.4,8.6,8.9
4/17/2019,64,2654,219.16,645,21.5,19.6,20.4,24800,21500,22800,9.5,8.9,9.1
4/18/2019,36,3661,220.57,651,21.8,20,20.8,24700,21900,23000,9.5,8.9,9.2
4/19/2019,115,3186,220.75,548,21.5,20.8,21.1,24100,-1200,19000,9.2,8.4,8.7
4/20/2019,0,80,218.53,515,20.8,18.9,19.5,23600,14000,18600,9.1,8.4,8.7
4/21/2019,5,1475,220.32,633,19.2,17.9,18.6,24100,20700,22400,9.5,8.8,9.1
4/22/2019,0,288,221.08,635,20.3,18.4,19.2,23800,21000,22400,9.7,9,9.3
4/23/2019,0,293,220.83,639,21.4,19.1,20,24200,21400,22600,9.6,9.1,9.3
4/24/2019,0,255,220.83,629,22,20.1,20.9,24300,-4020,21200,9.7,9,9.3
4/25/2019,0,1916,219.55,469,22.9,21.3,22,24700,-6220,16500,9.5,7.3,9
4/26/2019,0,1437,219.55,476,23.1,22.1,22.5,24100,-2870,17100,9,7.5,8.6
4/27/2019,0,3162,220.57,375,22.4,21.4,21.9,23300,-2310,13300,9.1,6.9,8.4
4/28/2019,0,3349,219.81,400,22.3,21,21.8,24200,-5080,14000,9.3,7,8.5
4/29/2019,0,4338,220.57,393,23.7,21.9,22.5,23900,-4760,13900,9.2,7.7,8.7
4/30/2019,3,4618,220.32,246,24.6,23,23.6,22700,-1000,8590,8.9,5.2,8
5/1/2019,0,5640,220.57,233,25.3,24.1,24.5,21400,11,8670,8.7,5.4,7.7
5/2/2019,0,3869,220.57,247,25.7,24.8,25.1,21500,-1520,8290,8.8,6.2,7.8
5/3/2019,0,2494,220.57,262,25.9,24.8,25.4,21800,-4330,9240,8.5,6.3,7.8
5/4/2019,0,1428,220.57,257,25.8,24.7,25.1,22000,-797,9110,8.6,5.9,7.7
5/5/2019,0,1757,220.57,245,25.9,25.5,25.6,21100,-1480,8640,8.3,5.2,7.5
5/6/2019,0,1615,220.32,292,26,25.2,25.5,22300,-5210,10500,8.9,5.8,7.8
5/7/2019,0,370,220.57,353,25.9,25,25.5,23400,-5510,12300,8.9,7.2,8.2
5/8/2019,0,249,220.32,341,26.3,25.4,25.8,23400,-7100,12100,9,6.9,8.3
5/9/2019,0,24,219.55,340,26.1,25.3,25.7,23200,-3450,12000,8.9,6.4,8.1
5/10/2019,0,26,219.81,330,25.6,24.9,25.2,22900,-551,12100,8.8,5.6,8
5/11/2019,0,18,238.4,365,26.2,25.1,25.6,22400,-551,12500,8.8,7.2,8.2
5/12/2019,0,6,219.55,349,26.1,25.4,25.8,22200,-6490,12300,8.5,7.1,8
5/13/2019,0,22,220.32,339,25.7,24.9,25.4,22800,-4530,12000,8.5,6.7,7.8
5/14/2019,0,100,220.06,345,25.5,24.4,24.9,21900,-3070,12100,8.9,7.4,8.2
5/15/2019,0,18,220.06,348,24.6,23.8,24.3,23000,-5970,12300,8.9,7.4,8.3
2/3/2020,0,0,20.45,18982,11.5,10.3,10.6,NA,NA,19000,10.9,10.4,10.7
2/4/2020,0,0,135.15,18036,11.9,10.9,11.3,NA,NA,18000,10.8,10.2,10.5
2/5/2020,0,0,218.79,21968,12.6,11.6,12,NA,NA,22000,10.7,10.5,10.6
2/6/2020,0,4,218.79,21067,13.8,12.5,13,NA,NA,21100,10.9,10,10.4
2/7/2020,0,14,219.04,23358,13.8,12.3,13.1,NA,NA,23400,10.2,9.9,10
2/8/2020,0,11,218.53,23430,12.3,11.3,11.7,NA,NA,23400,10.3,10.2,10.2
2/9/2020,0,3,218.79,24792,12.1,11.1,11.5,NA,NA,24800,10.5,10.2,10.3
2/10/2020,0,0,217.51,25978,12.5,11.2,11.8,NA,NA,26000,10.4,10.3,10.3
2/11/2020,0,0,219.04,26426,13.5,12.3,12.8,NA,NA,26400,10.4,10.2,10.3
2/12/2020,0,0,61.52,26396,14.4,12.9,13.5,NA,NA,26400,10.3,10,10.2
2/13/2020,0,0,19.98,26768,14.7,13.8,14.2,NA,NA,26900,10.2,9.9,10
2/14/2020,0,0,30.28,26381,14.4,13.4,13.9,NA,NA,26500,10.2,9.9,10
2/15/2020,0,0,0,26091,13.8,12.6,13.1,NA,NA,26100,10.4,9.9,10.1
2/16/2020,0,0,0,25507,13,12.5,12.7,NA,NA,25500,10.3,10.1,10.2
2/17/2020,0,0,0,25334,13.3,12.5,12.8,NA,NA,25300,10.2,9.9,10
2/18/2020,0,0,0,25522,13.3,13,13.1,NA,NA,25500,9.9,9.7,9.8
2/19/2020,0,58,217.21,24936,13.4,13.1,13.3,NA,NA,24900,9.8,9.6,9.7
2/20/2020,0,0,54.51,24819,13.1,11.6,12.4,NA,NA,24800,10.2,9.8,9.9
2/21/2020,0,15,164.03,25158,11.6,10.7,11,NA,NA,25200,10.6,10.2,10.4
2/22/2020,0,0,219.55,25085,11.3,10,10.6,NA,NA,25100,10.6,10.5,10.5
2/23/2020,0,1,219.04,24669,12.2,10.9,11.4,NA,NA,24700,10.5,10.2,10.3
2/24/2020,0,0,210.72,24060,12,11.7,11.8,NA,NA,24100,10.2,10,10.1
2/25/2020,0,0,218.79,23617,12.5,11.7,12,NA,NA,23600,10.1,9.9,10
2/26/2020,0,5,218.79,23754,12.8,12.4,12.6,NA,NA,23800,9.9,9.7,9.8
2/27/2020,0,5,218.79,22708,12.7,11.5,12,NA,NA,22700,10.2,9.8,10.1
2/28/2020,0,2,218.79,21916,12,11.1,11.5,NA,NA,21900,10.2,10,10.1
2/29/2020,0,2,228.91,22304,11.8,11,11.4,NA,NA,22300,10.4,10.1,10.3
3/1/2020,0,0,218.79,22475,12,10.7,11.3,NA,NA,22500,10.4,10.3,10.4
3/2/2020,0,1,218.79,22903,12.4,11.2,11.7,NA,NA,22900,10.3,10.2,10.3
3/3/2020,0,1,218.79,23163,13,12.1,12.4,NA,NA,23200,10.2,10,10.1
3/4/2020,2,17,218.79,23256,13,12.6,12.7,NA,NA,23300,10.1,9.9,10
3/5/2020,0,23,219.04,22585,12.7,12.1,12.4,NA,NA,22600,10.1,9.9,10
3/6/2020,0,18,218.79,22048,12.9,11.9,12.3,NA,NA,22000,10.2,10,10.1
3/7/2020,27,49,177.04,22859,12.5,11.3,11.8,NA,NA,22900,10.4,10.1,10.3
3/8/2020,6,12,218.79,23299,12.6,11.4,11.9,NA,NA,23300,10.4,10.2,10.3
3/9/2020,14,2,205.53,23220,13.5,11.8,12.5,NA,NA,23200,10.2,10.1,10.1
3/10/2020,0,49,219.04,22917,13.6,12.6,13.1,NA,NA,22900,10.2,10,10.1
3/11/2020,96,41,219.04,23090,15.2,13.2,13.9,NA,NA,23100,10.4,10.1,10.2
3/12/2020,32,37,204.54,23697,16.4,14.3,15.1,NA,NA,23700,10.5,10,10.2
3/13/2020,88,154,218.79,23548,17.1,15.2,16,NA,NA,23500,10.5,10.1,10.2
3/14/2020,62,158,218.79,23582,17.1,15.8,16.2,NA,NA,23600,10.4,10,10.1
3/15/2020,20,91,218.79,22826,15.9,15.1,15.4,NA,NA,22800,10,9.8,9.9
3/16/2020,410,430,218.79,22863,15.3,14.7,14.9,NA,NA,22900,10,9.8,9.8
3/17/2020,160,79,218.79,23059,15.3,14.3,14.6,NA,NA,23100,9.9,9.6,9.7
3/18/2020,2717,678,219.81,22783,16.5,14.8,15.5,NA,NA,21900,10,9.7,9.8
3/19/2020,704,5096,220.06,10785,18.3,16.4,17,NA,NA,11200,10.2,8.4,9.6
3/20/2020,0,0,0,11552,19.8,17.9,18.6,NA,NA,11200,10.2,9.4,9.7
3/21/2020,0,0,0,11068,20.7,19.4,19.9,NA,NA,11100,9.9,9,9.4
3/22/2020,0,0,0,11055,20.7,18.3,19.9,NA,NA,11100,9.7,9,9.3
3/23/2020,0,0,0,8926,18.3,17.2,17.8,NA,NA,8540,9,8,8.8
3/24/2020,53,53,115.24,10346,17.3,17,17.2,NA,NA,11400,9,7.8,8.6
3/25/2020,1176,6709,220.06,16717,18.4,16.9,17.5,NA,NA,15900,9.1,8.1,8.7
3/26/2020,1072,682,219.81,16987,18.4,17,17.8,NA,NA,17800,9.2,8.5,8.9
3/27/2020,806,19818,220.57,17646,19.4,17.4,18.2,NA,NA,16400,9.2,8.4,8.9
3/28/2020,5403,365,220.06,16344,20.7,18.8,19.7,NA,NA,17700,9.3,8.3,8.9
3/29/2020,816,9019,219.81,17107,21.8,20.1,20.6,NA,NA,17100,9.3,8.2,8.9
3/30/2020,9,61,219.3,23250,21.5,20.8,21.1,NA,NA,23300,9.1,8.7,8.9
3/31/2020,7,305,219.04,23063,21.2,19.3,20.1,NA,NA,23000,8.9,8.5,8.7
4/1/2020,1,8,203.93,22747,19.3,18.2,18.6,NA,NA,22800,8.9,8.5,8.7
4/2/2020,5,31,218.53,22770,18.5,17.3,17.9,NA,NA,22800,9.1,8.7,8.8
4/3/2020,4,207,219.04,22766,18.7,17.4,18,NA,NA,22700,9.1,8.6,8.8
4/4/2020,1,113,219.04,22782,19,17.7,18.3,NA,NA,22700,9,8.6,8.8
4/5/2020,20,184,218.79,22909,20,18.1,18.8,NA,NA,22100,9.3,8.6,8.9
4/6/2020,261,2594,218.79,17007,20.9,19.2,19.9,NA,NA,17000,9.7,8.6,9.1
4/7/2020,552,26157,219.7,10875,21.4,20.7,20.9,NA,NA,11000,9.5,7.9,9
4/8/2020,433,14670,217.78,7553,22.2,21.1,21.5,NA,NA,7370,9.1,7.8,8.6
4/9/2020,354,38743,209.78,4605,23,22.1,22.5,NA,NA,4610,8.8,7,8.3
4/10/2020,11,107863,222.87,5623,22.8,20.9,22.1,NA,NA,5630,8.8,6.5,7.9
4/11/2020,1,14755,236.82,5157,20.9,19.2,19.9,NA,NA,5150,8.8,7.9,8.3
4/12/2020,0,3767,128.48,5111,19.8,18.9,19.4,NA,NA,5130,8.9,7.3,8.4
4/13/2020,0,5879,52.55,8199,21.4,19.7,20.4,NA,NA,8180,8.9,7.7,8.3
4/14/2020,0,794,51.79,8243,23.1,21.2,21.9,NA,NA,8230,8.9,7.4,8.2
4/15/2020,0,2217,56.62,8281,23,20.4,22,NA,NA,8310,8.7,7.6,8.4
4/16/2020,0,388,55.58,11040,20.4,19.4,19.9,NA,NA,11000,9.2,8,8.5
4/17/2020,0,195,52.04,11156,20.8,19.4,20,NA,NA,11200,9.1,8.3,8.8
4/18/2020,0,5110,149.15,11071,21.3,20.6,20.9,NA,NA,11000,9.1,8.1,8.8
4/19/2020,0,1528,239.6,12093,21.2,20,20.6,NA,NA,12200,9,8.4,8.7
4/20/2020,0,90,223.05,16924,20.2,19.7,20,NA,NA,16800,8.9,8.4,8.7
4/21/2020,0,79,219.04,16623,20.8,19.4,20.1,NA,NA,16600,9.2,8.4,8.8
4/22/2020,0,96,222.86,16721,20.9,19.6,20.4,NA,NA,16700,9.4,8.5,8.9
4/23/2020,0,111,218.79,16672,20.9,19.8,20.2,NA,NA,16700,9.2,8.6,8.9
4/24/2020,0,34,218.79,17134,20.8,19.5,20.1,NA,NA,17100,9,8.3,8.7
4/25/2020,0,928,238.43,11549,22.4,20.6,21.2,NA,NA,11600,9.3,8.3,8.8
4/26/2020,0,645,219.81,11149,22.3,21.5,21.9,NA,NA,11100,9,8.2,8.7
4/27/2020,0,609,219.55,11292,21.5,20.5,21,NA,NA,11300,9.2,8.3,8.7
4/28/2020,0,941,219.81,11480,22.1,20.4,21,NA,NA,11500,9.4,8.4,8.9
4/29/2020,0,974,228.22,11359,22.3,21.8,22,NA,NA,11400,9.1,7.9,8.8
4/30/2020,0,690,232.83,11233,22,21.5,21.9,NA,NA,11300,8.8,7.9,8.4
5/1/2020,0,296,231.27,15708,21.8,20.1,21.1,NA,NA,16700,9.2,7.8,8.6
5/2/2020,0,51,231.15,22796,22.1,20.1,20.9,NA,NA,22800,9.5,8.6,9
5/3/2020,0,206,218.79,23159,23,21,21.8,NA,NA,23200,9.6,8.8,9.2
5/4/2020,0,90,219.04,23101,23.8,21.8,22.6,NA,NA,23100,9.6,8.7,9.1
5/5/2020,0,34,219.04,23377,25,22.6,23.6,NA,NA,23400,9.6,8.9,9.2
5/6/2020,0,30,219.04,23058,24.7,23.2,23.8,NA,NA,23000,9.3,8.8,9
5/7/2020,0,15,219.04,22950,23.2,21,21.6,NA,NA,23000,9.2,8.4,8.8
5/8/2020,0,27,218.79,23524,21.1,20.4,20.7,NA,NA,23500,9.2,8.6,8.9
5/9/2020,0,59,218.79,22853,21.2,19.8,20.5,NA,NA,22900,9.5,8.6,9
5/10/2020,0,51,218.79,23300,21.7,20,20.7,NA,NA,23300,9.6,8.8,9.2
5/11/2020,0,38,218.79,22973,21.6,20.3,21,NA,NA,22300,9.5,8.8,9.2
5/12/2020,0,127,219.81,11616,21.2,20.1,20.8,NA,NA,11200,9.6,7.9,8.9
5/13/2020,0,111,219.81,11486,21.5,20.4,20.8,NA,NA,11400,9.5,8.2,9
5/14/2020,0,27,219.81,5990,22.5,21.1,21.5,NA,NA,6040,9.4,7.2,8.6
5/15/2020,0,30,122.01,5900,23.3,22.3,22.6,NA,NA,5910,9.1,7.2,8.5
2/1/2021,0,140,111.88,8941,10.4,9.5,9.9,NA,NA,9610,11.2,10.8,10.9
2/2/2021,0,61,219.81,9557,9.5,8.7,9.1,NA,NA,10300,11.6,11,11.1
2/3/2021,0,2,220.32,15603,8.9,7.7,8.4,NA,NA,16900,11.8,11.4,11.5
2/4/2021,0,5,217.25,17687,8.9,7.9,8.2,NA,NA,19000,11.6,11.3,11.4
2/5/2021,0,15,135.29,17260,9.1,8.7,8.8,NA,NA,18500,11.5,11.1,11.3
2/6/2021,0,36,51.79,16635,9.1,8.9,9.1,NA,NA,17800,11.3,11.1,11.2
2/7/2021,0,17,148.95,16593,9.1,8.6,8.8,NA,NA,17900,11.5,11.1,11.3
2/8/2021,0,6,218.79,19016,9.7,8.4,8.8,NA,NA,20400,11.6,11.3,11.4
2/9/2021,0,46,218.79,13983,10,9.4,9.5,NA,NA,14900,11.4,10.9,11.2
2/10/2021,0,74,218.79,12785,10.6,9.9,10.1,NA,NA,13800,11.4,10.9,11.2
2/11/2021,0,21,218.79,13669,10.7,10.3,10.5,NA,NA,14600,11.4,11,11.2
2/12/2021,0,8,218.79,13421,10.8,9.9,10.5,NA,NA,14400,11.3,11,11.1
2/13/2021,0,5,218.79,13726,9.9,9.1,9.5,NA,NA,14700,11.4,11,11.2
2/14/2021,0,4,218.53,19621,9.1,8.7,8.9,NA,NA,21200,11.5,11.2,11.3
2/15/2021,0,0,218.53,23349,9.1,8.6,8.8,NA,NA,25100,11.4,11.3,11.3
2/16/2021,0,1,218.53,23736,10.9,9.1,10,NA,NA,25500,11.4,11.1,11.2
2/17/2021,0,0,214.19,23738,10.3,9.2,9.5,NA,NA,25500,11.2,11.1,11.2
2/18/2021,0,0,218.53,23620,9.3,9,9.2,NA,NA,25400,11.2,11,11.1
2/19/2021,0,0,218.53,23616,9,8.7,8.8,NA,NA,25400,11.3,11.1,11.2
2/20/2021,0,0,218.28,23880,10,8.7,9.2,NA,NA,25700,11.4,11.1,11.2
2/21/2021,0,5,218.53,24256,9.9,8.9,9.3,NA,NA,26100,11.4,11.1,11.2
2/22/2021,0,4,218.53,23969,10.1,9.3,9.6,NA,NA,25700,11.3,11.1,11.2
2/23/2021,0,2,218.53,23304,11,9.7,10.2,NA,NA,25000,11.2,11,11.1
2/24/2021,0,14,218.53,23686,11.8,10.1,10.8,NA,NA,25500,11.2,11,11.1
2/25/2021,0,7,215.31,23813,12.6,10.9,11.6,NA,NA,25600,11.2,11,11.1
2/26/2021,0,17,219.04,24234,12.6,11.4,11.9,NA,NA,26000,11.2,10.9,11
2/27/2021,0,15,218.53,23381,13.3,11.9,12.5,NA,NA,25100,11.3,10.9,11.1
2/28/2021,1,20,218.53,23526,14.3,12.7,13.3,NA,NA,25300,11.2,10.9,11.1
3/1/2021,3,225,219.04,24554,14.6,14,14.2,NA,NA,24600,10.9,10.5,10.6
3/2/2021,0,55,218.53,24564,14.4,12.7,13.4,NA,NA,25200,10.6,10.4,10.5
3/3/2021,1,93,219.55,23156,12.7,11.9,12.4,NA,NA,25000,10.6,10.4,10.5
3/4/2021,0,45,216.41,23394,13.3,11.9,12.5,NA,NA,25200,10.6,10.3,10.4
3/5/2021,1,106,218.79,23490,13.2,12.2,12.7,NA,NA,24900,10.6,10.3,10.4
3/6/2021,0,128,219.04,22929,12.8,12,12.2,NA,NA,24600,10.6,10.3,10.4
3/7/2021,0,107,219.04,22888,12.3,11.4,11.8,NA,NA,24500,10.8,10.4,10.5
3/8/2021,1,14,218.53,23190,12.8,11.3,11.9,NA,NA,25000,10.7,10.4,10.5
3/9/2021,1,12,218.79,20610,13.6,11.8,12.5,NA,NA,23100,10.6,10.3,10.5
3/10/2021,0,1943,219.04,18494,14.5,12.5,13.1,NA,NA,20100,10.6,10.1,10.4
3/11/2021,0,1877,214.69,13607,15.1,13.2,13.8,NA,NA,15000,10.6,9.8,10.3
3/12/2021,982,33970,223.51,10602,15.1,13.9,14.3,NA,NA,11500,10.5,9.6,10.2
3/13/2021,1077,9505,220.57,10341,16.9,14.3,15.5,NA,NA,11300,10.6,9.5,10
3/14/2021,1575,6180,219.81,10273,16.7,16.3,16.5,NA,NA,10800,10.4,9.2,10
3/15/2021,5298,14820,220.63,9991,16.6,15.1,16.1,NA,NA,10800,10.2,9.2,9.8
3/16/2021,367,393,229.28,10284,15.1,13.5,14.3,NA,NA,11100,10,9.6,9.8
3/17/2021,1983,644,245.32,9880,14.2,13.4,13.7,NA,NA,10700,10,9.2,9.7
3/18/2021,5925,259,245.06,13925,14.9,14.2,14.4,NA,NA,15000,9.8,9.1,9.6
3/19/2021,145,20,243.79,17956,14.8,13.9,14.3,NA,NA,19200,9.7,9.3,9.5
3/20/2021,5,0,229.2,18590,14,12.8,13.3,NA,NA,19800,10.1,9.6,9.9
3/21/2021,0,0,219.3,16675,13.7,12.8,13.3,NA,NA,17700,10.2,9.8,10.1
3/22/2021,10,0,218.79,18528,14.9,13.2,14,NA,NA,19600,10.1,9.9,10
3/23/2021,2,0,229.9,16821,15.9,14.1,14.9,NA,NA,19000,10,9.7,9.9
3/24/2021,0,0,243.53,18319,16.3,15.1,15.7,NA,NA,19400,10,9.5,9.8
3/25/2021,0,0,232.18,19480,17.3,15.6,16.3,NA,NA,20500,10.2,9.6,9.9
3/26/2021,0,0,243.53,19287,17.8,17.2,17.5,NA,NA,20300,10,9.4,9.7
3/27/2021,0,0,243.79,22875,19.2,17.2,18.1,NA,NA,24200,10.1,9.5,9.7
3/28/2021,0,0,243.28,23334,19.7,18.3,19,NA,NA,24500,10,9,9.5
3/29/2021,0,0,210.55,22854,19.4,18,18.6,NA,NA,24000,9.3,8.9,9.1
3/30/2021,0,0,174.55,23607,18.3,17,17.6,NA,NA,24800,9.3,9,9.1
2/1/2022,0,0,26.11,781,8.9,7.1,8.1,NA,NA,782,12.4,11.2,11.8
2/2/2022,0,22,51.28,165,9.4,7.4,8.5,NA,NA,165,13.5,11.1,11.9
2/3/2022,0,4,51.53,265,10.5,9.3,9.8,NA,NA,265,11.7,9.4,10.6
2/4/2022,2,17,51.79,153,11.9,10,11.1,NA,NA,151,11.4,9.6,10.3
2/5/2022,64,175,51.53,148,11.8,10.8,11.3,NA,NA,149,10.6,9.9,10.2
2/6/2022,11,208,52.3,160,11,10.4,10.7,NA,NA,160,10.2,9.8,10
2/7/2022,0,48,52.3,253,10.7,10.3,10.5,NA,NA,253,10.6,9.7,10
2/8/2022,0,27,52.3,5186,10.9,9.2,10.2,NA,NA,5190,11.7,9.6,10.3
2/9/2022,3,5,52.04,5319,9.4,8.7,8.9,NA,NA,5320,11.8,11.4,11.6
2/10/2022,1,3,51.79,5499,9.7,8.6,9.2,NA,NA,5500,11.8,11.1,11.5
2/11/2022,1,5,51.79,4725,10.4,9.4,9.9,NA,NA,4730,11.7,10.8,11.5
2/12/2022,0,0,53.35,5422,10.7,9.9,10.4,NA,NA,5420,11.6,11.2,11.4
2/13/2022,0,0,51.79,6191,11.2,10.5,10.9,NA,NA,6200,11.7,10.4,11.5
2/14/2022,0,51,38.66,5518,11.1,10.5,10.8,NA,NA,5520,11.7,11,11.5
2/15/2022,0,2,51.79,5484,11,10.2,10.6,NA,NA,5490,11.7,10.6,11.5
2/16/2022,0,17,60.82,5530,10.9,10.3,10.6,NA,NA,5530,11.6,11.3,11.5
2/17/2022,0,1,76.79,5634,12,10.3,11,NA,NA,5630,11.7,10.8,11.4
2/18/2022,0,90,77.04,2574,13.8,12,12.9,NA,NA,2570,11.5,9.9,11.1
2/19/2022,142,1175,79.08,3027,14.4,13.4,13.9,NA,NA,3030,10.8,10.1,10.6
2/20/2022,45,364,78.06,2789,13.8,12.8,13.4,NA,NA,2790,10.8,9.6,10.4
2/21/2022,6,276,78.32,3078,13.5,12.5,12.9,NA,NA,3080,11,10.2,10.7
2/22/2022,0,41,64.44,5095,14.6,13.2,13.6,NA,NA,5090,10.8,9.3,10.4
2/23/2022,3,96,51.79,5501,15.6,14.3,14.7,NA,NA,5500,10.8,9.6,10.6
2/24/2022,352,2597,52.55,5574,16.6,15.2,15.7,NA,NA,5570,10.8,9.6,10.6
2/25/2022,1313,4095,52.3,5419,17.6,16.3,16.7,NA,NA,5420,10.9,9.3,10.5
2/26/2022,31,1352,34.48,3041,17.6,16.6,17.1,NA,NA,3040,10.6,8.2,10.2
2/27/2022,1,735,52.55,2775,16.6,16.1,16.4,NA,NA,2770,10.3,8.1,10
2/28/2022,1,1737,51.3,2708,16.1,15,15.4,NA,NA,2710,10.2,9.5,9.9
3/1/2022,2,1678,51.09,3057,15.1,14.3,14.6,NA,NA,3060,10,8.5,9.6
3/2/2022,6,26266,62.27,5535,15.3,13.8,14.4,NA,NA,5540,10.2,8.5,9.8
3/3/2022,139,33113,79.59,5236,16.5,14.3,15.3,NA,NA,5240,10.6,9.1,10.2
3/4/2022,85,6712,78.06,5407,16.3,15.8,16,NA,NA,5410,10.4,8.2,9.9
3/5/2022,2,2097,78.57,2952,16.6,15.8,16,NA,NA,2950,10,8.5,9.7
3/6/2022,70,26025,79.59,2837,18,16.2,16.7,NA,NA,2840,10,7.1,9.7
3/7/2022,1317,8841,78.57,2657,19.3,17.3,18,NA,NA,2660,9.7,7.6,9.3
3/8/2022,83,5476,71.81,2980,19.6,18.6,19,NA,NA,2980,9.4,6.1,9
3/9/2022,69,7589,78.57,2585,19.7,19,19.2,NA,NA,2580,9.2,6.9,8.5
3/10/2022,56,3179,78.57,5327,19.3,17.7,18.8,NA,NA,5330,8.9,7.6,8.5
3/11/2022,38,447,77.55,5665,17.7,16.4,17,NA,NA,5670,9.1,7.8,8.7
3/12/2022,479,242,77.81,12311,16.7,15.4,16.3,NA,NA,12400,9.3,8.5,9
3/13/2022,198,139,77.81,14650,15.4,13.8,14.2,NA,NA,15000,9.7,8.8,9.3
3/14/2022,37,21,77.55,21302,15.8,14.1,14.8,NA,NA,20200,9.9,9.6,9.7
3/15/2022,89,38,77.3,20908,16.1,14.8,15.4,NA,NA,20900,10.1,9.5,9.8
3/16/2022,40,10,143.05,21869,16.1,15.4,15.7,NA,NA,23000,10.1,9.5,9.8
3/17/2022,78,12,241.86,23961,17.1,15.6,16.2,NA,NA,24000,10.4,9.7,9.9
3/18/2022,4,12,219.56,24728,17.3,16,16.6,NA,NA,24700,10.3,9.8,10
3/19/2022,2,5,195.94,24404,17.6,16.4,17,NA,NA,24400,10,9.5,9.7
3/20/2022,0,0,169.04,23726,17.7,16.5,17.2,NA,NA,23800,9.8,9.3,9.6
3/21/2022,3,192,225.01,24452,17.8,16.2,16.9,NA,NA,24500,9.9,9.4,9.6
3/22/2022,21,66,267.69,24590,17.7,16.6,17.1,NA,NA,24600,9.9,9.4,9.6
3/23/2022,3,13,239.86,24444,17.8,17.1,17.4,NA,NA,24400,9.7,9.2,9.5
3/24/2022,0,17,216.29,24435,17.7,17.4,17.6,NA,NA,24400,9.2,9,9.1
3/25/2022,0,21,216.3,24004,17.9,16.9,17.3,NA,NA,24000,9.4,9,9.2
3/26/2022,0,15,217.78,23760,17.3,16.1,16.6,NA,NA,22800,9.6,9.1,9.3
3/27/2022,12,938,216.2,14102,16.5,15.6,16.2,NA,NA,13900,9.7,8.9,9.3
3/28/2022,2805,3207,227.36,10688,16.4,15.3,15.8,NA,NA,10700,9.6,8.8,9.3
3/29/2022,129,4211,246.08,11606,16.8,15.8,16.2,NA,NA,11600,10,9.2,9.6
3/30/2022,18,12612,246.59,11292,17.8,15.9,16.6,NA,NA,11300,9.9,9.3,9.7
3/31/2022,207,5859,245.06,11867,18,17.6,17.8,NA,NA,11900,9.6,8.7,9.2
4/1/2022,1026,21512,205.1,6109,18.6,17.7,18,NA,NA,6130,9.2,8.3,8.7
4/2/2022,34,726,79.35,6257,18.6,17.7,18.2,NA,NA,6210,9.1,8.2,8.9
4/3/2022,22,924,78.57,6148,19,17.8,18.3,NA,NA,6160,9.5,7.7,8.9
4/4/2022,8,493,78.32,9678,18.8,17.9,18.4,NA,NA,9660,9.6,8.7,9.2
4/5/2022,11,146,65.84,13282,18.8,18.3,18.6,NA,NA,13200,9.6,8.8,9.3
4/6/2022,23,380,78.32,17791,18.8,18.3,18.6,NA,NA,18900,9.2,8.7,8.9
4/7/2022,26,206,165.71,23694,19.9,18.4,19,NA,NA,23700,9.2,8.8,9
4/8/2022,32,5463,245.06,24119,19.5,18.2,18.8,NA,NA,24100,9.3,8.8,9
4/9/2022,59,1043,245.83,24082,18.5,16.2,17.2,NA,NA,24100,9.4,8.9,9.1
4/10/2022,14,516,244.3,24581,17.8,15.7,16.6,NA,NA,24600,9.6,9.1,9.3
4/11/2022,11,694,234.29,24924,18.8,16.6,17.5,NA,NA,24900,9.6,9,9.3
4/12/2022,14,2152,228.31,25000,19.9,17.6,18.5,NA,NA,25000,9.8,9.2,9.5
4/13/2022,3,3337,245.32,25293,20.9,18.9,19.7,NA,NA,25300,9.7,9.2,9.4
4/14/2022,1,949,228.57,24891,21,19.9,20.4,NA,NA,23700,9.4,9,9.2
4/15/2022,9,1245,220.06,11963,20.9,20.3,20.7,NA,NA,12000,9.3,8.7,9
4/16/2022,0,538,219.55,6250,20.8,20,20.3,NA,NA,6240,9.1,8.2,8.7
4/17/2022,0,9166,220.06,5558,21.3,19.9,20.4,NA,NA,5560,8.9,7.6,8.3
4/18/2022,0,10980,220.32,8352,21.4,19.9,20.8,NA,NA,8340,8.9,7.9,8.5
4/19/2022,0,494,231.78,15323,19.9,18.9,19.5,NA,NA,16400,9.3,8.5,8.9
4/20/2022,0,688,245.32,18030,19.6,18.3,18.8,NA,NA,17000,9.4,8.5,9
4/21/2022,0,361,244.81,17697,20.3,18.2,19.3,NA,NA,17600,10,8.9,9.3
4/22/2022,3,753,238.98,17180,21.1,19.4,20.2,NA,NA,17400,9.6,9,9.3
4/23/2022,0,38,220.15,18147,21.9,20.4,21,NA,NA,17900,9.6,8.9,9.3
4/24/2022,0,1494,238.56,11708,23,21.1,21.8,NA,NA,11700,9.4,8.3,9.1
4/25/2022,1,3223,245.06,11001,23.8,22.7,23.1,NA,NA,11000,9.4,8,9
4/26/2022,0,3161,245.06,11772,23.9,23.5,23.7,NA,NA,11700,9.1,8.1,8.8
4/27/2022,0,2079,244.3,8694,23.8,22.7,23.4,NA,NA,8710,8.9,8,8.6
4/28/2022,0,1697,244.55,8784,22.8,22.2,22.5,NA,NA,8770,9,8.2,8.6
4/29/2022,0,734,244.81,8691,22.9,21.9,22.3,NA,NA,8710,9,8.1,8.6
4/30/2022,0,1101,244.81,5727,23.4,22.6,22.9,NA,NA,5710,9.1,7.4,8.5
5/1/2022,0,53,222.53,5709,23.9,22.8,23.3,NA,NA,5720,9.1,7.9,8.6
5/2/2022,0,34,124.1,4312,24.7,23.6,24.1,NA,NA,4300,9,7.9,8.5
5/3/2022,0,1527,74.32,2783,26,24,24.7,NA,NA,2790,8.8,7.3,7.9
5/4/2022,0,1905,78.06,3759,26.9,25.3,25.9,NA,NA,3750,8.5,7.3,8
5/5/2022,0,1083,78.06,3266,27.5,26,26.5,NA,NA,3270,8.3,6.8,7.5
5/6/2022,0,528,78.06,2733,27.5,26.3,26.8,NA,NA,2730,8.2,6.9,7.5
5/7/2022,0,286,67.92,3628,26.7,25.4,26.3,NA,NA,3650,8.1,6.9,7.5
5/8/2022,0,8,55.94,2806,25.4,23.7,24.8,NA,NA,2790,8.2,7.3,7.8
